"1.856241136783052","3.7690962826394574","2.8334783809246837","2.5581101665602466","3.977025924538566","3.1565740478484634","2.3835665875240086","1.7248114644442851","1.046639685574178","2.8906522570799504","1.5946521076505726","1.8405970334098967","1.1449975233068923","1.9173027699686702","1.0091854969519527","1.6109603071276468","0.8205423588867614","1.3897889398010528","0.8898285396936485","0.9608854263573191","0.867936922898895","0.2449948285653655","0.5617796209750509","0.3578350369350292","0.09731312406262568","0.646437318659132","0.05264374259911571","0.3817862510403126","0.13492415535927688","0.23101365582116618","0.15301815283821593","0.2513785028892079","0.09737463999024211","0.12932900673874997","0.21872832011357018","0.13402960587342544","0.1403571005973809","0.047460776969442085","0.11063380007462949","0.14603663630506236","0.16713402308966058","0.14439475268944463","0.11344135102651451","0.10180850532488646","0.09885909995241358","0.23356198081626478","0.08872209454386258","0.19711244277635598","0.21557990696397528","0.06951840279277807","0.3467655867654074","0.24576682539810216","0.1578881148954016","0.14722816897417057","0.16964235159946112","0.16579025695410826","0.05346096979864967","0.048005591318619735","0.07689846765107235"
"3.7541830439054267","2.5791053482868604","1.3202625251074138","0.8830057040719781","1.1976084555916189","1.054926521573668","1.0091575861385673","0.5820400071465537","0.40859302002645903","1.7449480105750488","0.5015598451510619","2.6930388821603826","1.1856679398179786","1.2539719472020487","1.003095040784904","0.6499996584323307","0.3498911690940334","1.0484532370674082","0.42403765766197665","0.34649731265142497","0.24344688424920163","0.44356992484980723","0.40764110989019703","0.36583193717497664","0.3076736529791976","0.29822565646174215","0.17145095656525472","0.13991389446763872","0.18176366717573736","0.26659380089327606","0.18135073374123525","0.2589344222443074","0.34703371347864936","0.17926107980868103","0.29486257380505776","0.22803526686832773","0.04025961193102571","0.03498360972658254","0.3375064436801849","0.04290460870223559","0.286032251695464","0.07350203859046056","0.11542933722841002","0.10063654699081788","0.045882254435695886","0.15167150217174166","0.20071481586022108","0.18682580058633746","0.16798776903167684","0.33177936546574094","0.09755290176685287","0.35658082356071924","0.07759705369819318","0.18552720054810198","0.04390752978289166","0.14102067582159278","0.07306017377804913","0.08714677166599782"
"3.269028212275713","1.9348818148453426","2.710601659097523","2.1910801004496476","1.1847360172788268","0.5813450116410632","2.0367988057417166","1.0056541592662345","0.7243455214485487","0.8560166467440148","0.5582922355982843","1.4298686994802274","0.4069846380902068","1.2573397482592117","0.40518523135731854","1.1704474056845313","0.34916478597196254","1.6101437355122918","0.40903853566605813","0.8344501577427245","0.3850462186014017","0.5671101912722384","0.5121808253165011","0.2584615591066434","0.5407941255256696","0.17573735504136362","0.667263623629287","0.15333638573891756","0.16548425279550583","0.24648794123836565","0.19373233908748894","0.28620080870352277","0.2089637252287082","0.6432460346737352","0.09383763506558991","0.38441840885976913","0.17770227746536907","0.14505139703404496","0.4681961636650329","0.28467075356321764","0.3480411482267836","0.2674063394042435","0.19008662278109856","0.25603614429649774","0.09091306487494333","0.19120980301850393","0.07271065347311731","0.10711606471206661","0.18166301407401525","0.1743850376981481","0.22384567768579275","0.10538749381617143","0.11058539133939564","0.13706667944956422","0.15008817846163353","0.07843010008195003","0.11844404701860618","0.13852958720437406","0.11131884381031627","0.2151121513015549","0.14694746772848855","0.20463402803439074","0.07418358913070833","0.23023490551656503","0.03511237528394235","0.1941605889576984","0.04489331623539513","0.14901534244903156","0.03488892943600847","0.21048045644146968","0.07490549692377424","0.17731248703023947","0.21103208860124312","0.4341270380641614","0.04325338948531793","0.2391866995817024","0.2677823729356096","0.007527072150760215","0.3388496621799816","0.19275571371176112","0.45856897847197586","0.028779557707915758","0.26787100104255773","0.19552395263447048","0.43062897064472566","0.10998937749760296","0.20056131165764376","0.0951185140174337","0.15249001260235712","0.12696814526716985","0.08376488292545148","0.015567347661975078","0.12087332724496172","0.038223896226764295","0.00738668492283065","0.12236180368547558","0.041810476305375315","0.11712056713022853","0.058190816483102537","0.0778961476569006","0.05800417098116839"
"1.4692891008614464","2.403245174973595","1.2007659829915156","1.0013634693054567","1.2476247840269217","0.7088470070555797","0.552605926897897","0.45279672915958563","0.38142795286895964","0.6694413729352975","0.37258913725414805","0.19843573330551229","0.1174253416818432","0.5492395791028003","0.2838792549246541","0.4951065028019979","0.4464734868186498","0.432269021613996","0.42205898769305267","0.46200099389559773","0.349113688384511","0.11909419360675991","0.39070150562200723","0.09296663970533178","0.1787671596621147","0.06474553395469437","0.05263689220885388","0.044831465199902346","0.08298444599056912","0.0886712662959083","0.03933212880830449","0.03012599668389605","0.03416185095968","0.19688819215911244","0.16765011737249425","0.22020562117827538","0.13897474773348617","0.19444243351991192","0.0727198949631577","0.20587957834771387"
"0.8270929359657011","1.7857252324789201","1.2234498309898978","0.49375386924781334","0.9942906414275197","0.7341342437635786","0.5382452915955322","0.8497072616420068","0.365487922473503","0.6275358208071872","0.31337768953086054","0.07679617624555549","0.536474956927523","0.2715277714560176","0.2684986952166359","0.28658123386439655","0.3280855250220708","0.20384693600971887","0.5280696423439405","0.285990819949817","0.3325598263206769","0.6141350574463696","0.20314563149140277","0.3631620887474908","0.162951971457262","0.42429098976667284","0.28547909282252004","0.1856256778512884","0.34095089373899123","0.08432749855340424","0.3034887387906181","0.033234383466577776","0.24817503636372015","0.14183453984722355","0.03387232119528986","0.3778951875069628","0.0702361316422988","0.14483766312591298","0.2563845498257412","0.09412859688920347","0.12072445709733755","0.06295552839803883","0.09894987711029726","0.03750570794237493","0.21365186499857777","0.08277029530604627","0.21278666239773153","0.15368765571401438","0.1339186668237134","0.2036739595119675","0.15217862692408776","0.12971326427371105","0.0776690245199129","0.1591997028387838","0.14533381281415952","0.12276745376258866","0.12508659239970824","0.13304105892961246"
"0.737122154991089","1.797992179126738","2.177164028806909","0.496248454980403","1.2730049289518583","0.5626746884335566","0.2435292117826761","0.2741788352454938","0.9264575660662248","0.21715030661223475","0.4132634456432955","0.41567513192197286","0.2159180185779336","0.4654659725724878","0.2655944200695979","0.17284459551627163","0.36666813015990685","0.19928904786480164","0.13534020971112473","0.39248964365872546","0.2227777621950134","0.04548751020618284","0.546009483931857","0.0840793586510918","0.598655819142843","0.27156538549377673","0.6194096899541238","0.2005235397490126","0.6564831656158151","0.3978285358316181","0.4816624764233309","0.6392647546658757","0.2074774352418248","0.26691504722293596","0.8153443074447997","0.08328444621326916","0.5544126185525685","0.486750540548485","0.7398391592400814","0.24596552886599002","1.0375795064078919","0.17106546493304503","0.6117157597074537","0.03127140335036126","0.43605669788378165","0.04184562968551399","0.4192029275067801","0.04695269160837421","0.35619996365265016","0.14399112007438108","0.15342049420018697","0.2286324108460119","0.21505506467960886","0.1319034692383594","0.07875250081054416","0.29094214531212287","0.3150308863940781","0.8363838893327225","0.06226187070358384","1.0651893493828755","0.7589821141633785","0.5564925694987608","1.1801740291316516","0.4065152303492809","0.12714426019450564","0.5854058265258383","0.5281086750566895","0.0649113595303625","0.5315654082732278","0.1205386280022878","0.20979688183777156","0.2044472490721218","0.1739851273397562","0.2860883665245261","0.18735845042440302","0.04684780604115014","0.10183809627921056","0.1010319516265467","0.14981474847511733","0.05774337924560817","0.13543971940685537","0.2033013029149659","0.27821984365426866","0.13608400970615686","0.21865694964502175","0.07803287624955664","0.1549109199495124","0.11408822963325697","0.05532503392578229","0.029903677251112405","0.18360735721683788","0.14079373952608015","0.15647101130937488","0.2677682362460056","0.10880038365731289","0.2835631227393361","0.34014455642368263","0.06490927742880467","0.07399203394307875","0.1550420291342992","0.14524187881637973"
"1.0286489469277453","3.0184047833246073","1.9632471009503139","1.3203075640928614","0.9264193912927858","1.0510372487934323","1.5410126924427594","1.693548342826754","2.0621754999470143","2.2713715287176486","1.7225860114829525","1.3639691581124374","1.1678034574932108","1.3209795266390576","1.4496255168590433","1.5077760050614226","1.6946740778101053","1.825546739208668","1.4295826228288984","1.0120128214883044","1.5781951982369236","1.501330903591488","1.276894680582269","1.7368600270918755","1.5649478628103075","1.5220290572168556","1.5210635524086222","0.780927893305632","0.7907484471232437","0.47243979845691814","0.6226624752338074","0.6625428767561307","0.26443948928347094","0.5143694033801729","0.38976705179998","0.5167054435351145","0.3676196084585592","0.23694046181280354","0.4906578378628296","0.30393593309556677","0.17546720251475087","0.3489877334830292","0.25309915347927986","0.37670640589450094","0.15399555753918745","0.4459556502770533","0.19576565812161137","0.7520837606349344","0.14983415804007463","0.3847322079960149","0.5577918748196665","0.15762773587756151","0.7924488057633147","0.15295223188178117","0.45697378353271156","0.1675542735315896","0.27081710502350764","0.22866953142520607","0.13642066378899048","0.20472134847267248","0.11996835178168293","0.0958833374876525","0.12562947176965142","0.07648357491428795","0.09140974957245646","0.06300090736999106","0.06102426705686803","0.044718126988932586","0.034974943268960904","0.03641082379483898","0.01914958605710752","0.05990886917952437","0.03042906592349203","0.13897009262445456","0.017834340197622804","0.10106393458973517","0.014344933355628869","0.04814700370363985","0.021523058316943056","0.024500902365003803","0.06196927471452949","0.04259788244689411","0.046337394555967706","0.05990914954659291","0.043081563069784494","0.09106052253557921","0.08043656351314628","0.029604177889576543","0.037253362939645276","0.04424094074514534","0.024108665973125824"
"3.8041379549816754","2.154859245772836","1.1131111179840372","1.5131025220480847","0.9826545017895534","1.084928678338938","0.7125206752898385","0.5009472325025925","0.6273895218505305","0.3400219312758838","0.7375242420964426","0.1644894377255758","0.628852035404117","0.30736383588062166","0.09227352045261875","0.3245174493245294","0.2713395059507796","0.14039710216968412","0.2903967871602687","0.16428564046881172","0.43384187551273","0.19046611688805806","0.41308102783325246","0.20265919856077091","0.12972319866279483","0.1993661800808913","0.19798016776211014","0.2273961562921604","0.20052236516807084","0.12548046223437997","0.13564655006020113","0.31523548961619363","0.12122008538256632","0.5170031048004275","0.20358113638121278","0.032535022273701565","0.7033610011645143","0.35429728086042733","0.2670551698680482","0.43822274290164975","0.10995977489391615","0.13473307988384395","0.18840436825073675","0.05113640418506469","0.23442237827053952","0.15265452259590204","0.2316470565744126","0.22235932727452687","0.16856655340886942","0.09892089322112266","0.3377175940713739","0.041965085490574525","0.33565804008550115","0.1257186290829774","0.16854745664324172","0.16892006822846067","0.22814091407630094","0.07000166092844011","0.17257502232738997","0.1346885057186436","0.04695604345819656","0.36488564229211545","0.08988602426965271","0.16421645748384145","0.022316200827749263","0.051487125363748096","0.10395144884387149","0.028124929359212264","0.11332930550139257","0.008627700375663266","0.012336326520500157","0.07003209399054804","0.02548639539406796","0.03476171963429764"
"4.364734878141451","2.06082451381167","1.0365252047862081","1.3105289201039834","0.8251128121267393","0.8440435292602819","0.8372999719550421","0.6940596102149387","0.48649430796375104","0.3814094742582599","0.8234673956557568","0.5175676015961737","0.24300661717317146","1.107740895810111","0.794301726702371","0.5354722791457208","1.0232337950351904","0.5494317696437208","0.7797159770871767","0.2259527817242546","0.26105737003938473","0.3488970611761328","0.29752169621240565","0.48513000614697727","0.517930278589237","0.15790448299582","0.9728182304393693","0.1382830327890264","0.6758584702295471","0.39798074054973054","1.2225870591650196","0.3102609737416557","1.0243305380924301","0.563393913222802","1.2715828508456695","0.15969174183724238","0.8068578310656671","0.25613669953207047","0.37923488793550675","0.14428517800340548","0.15278419395572873","0.2205679731223534","0.16485861895140402","0.32897944348291014","0.0885304113853306","0.3749995504690341","0.20868087275029534","0.03294651580010434","0.5469306320262147","0.26487971694906837","0.5929293616164186","0.12207527003914645","0.22128299768228618","0.1815306488991461","0.1287851443047306","0.11630196961050912","0.09415433555742636","0.07703188309779149","0.19676207654342753","0.0991405269886527","0.23754834636475297","0.27618035806892827","0.1729113714366915","0.04633091795907821","0.44822670337428255","0.027553688871251016","0.3163848397344792","0.1258363036465712","0.052065505929758935","0.2736824371501806","0.20482379606508544","0.13872858644979869","0.36529567272223423","0.23261688821744014","0.12364882712594269","0.15622610831193237","0.15512046870341545","0.1850735073270375"
"3.661810283603053","2.087592693916359","1.932191449732772","1.323782848070009","0.957507358129579","1.3028061686376713","0.661933433803414","1.4109755831234156","0.7404373710604343","0.8799609592654782","0.7329093772076939","0.6155488235432391","0.506400627010909","0.22770722234350677","1.1997337478704626","0.4344503958378458","0.3426781245974344","0.4407853609631074","0.1624496069012716","0.5572768869775011","0.1284831095275306","0.7872503385779938","0.6174516350539987","0.2385157222977475","0.4833274533598555","0.2847134838755968","0.06517983403283555","0.43265214105949357","0.12364759735399675","0.19117308290903634","0.15640857740747438","0.07215460017418825","0.10420395689178133","0.18011320733594477","0.17324528444898304","0.15322593699174897","0.03349322364750325","0.22238991100061764","0.09163606084699151","0.004520229813861678","0.27257010211890853","0.18863502182794498","0.2267174182356789","0.2862032714213962","0.0767082993503641","0.7098678859464765","0.12969371494826","0.6979036196134756","0.45931016496344323","0.07161113761507518","0.17143640672301422","0.5276676645482458","0.13012018858452007","0.33239253048107437","0.05460722877105725","0.17711947775696216","0.14354091150357579","0.042755570782279775","0.36579989501284793","0.14521762385108059","0.7481257903572294","0.022751200058754344","0.6289631371255151","0.023479237300486067","0.3443597911178734","0.027291168240012997","0.05360631954331767","0.07265227691132307","0.06564212083890875","0.034862256811216075","0.12939774543573046","0.08325371196029643","0.32177101039479716","0.09516207192202811","0.6181510814467728","0.11977018513764848","0.4075792827173266","0.07478051193263996","0.2661852355927647","0.1367188108082089","0.10708919105542994","0.12925514451640957","0.3014750593997796","0.1024663548787453","0.04729963618639023","0.23377179918234256","0.0828625825229831","0.21991920574289958","0.12383846871852607","0.22027998769589469","0.1613904915050485","0.10575856414358298","0.14037253155288737","0.0459387880825466","0.08344120338158219","0.12465335842978395","0.04379258187016615","0.047513761919672916","0.037260764356683976","0.017262996017209514","0.042907778133634736"
"0.30710856906945316","0.9034159397763742","2.508538944060077","1.6841549106464022","1.1356458975072776","0.8507606363660386","0.6086633472655746","0.5412969442781019","0.48236501815211136","0.581741466277822","0.632049679529811","0.5342976693423865","0.8112978365527381","1.2053606047716685","1.4167894934573022","1.6798920174702707","0.9454532024386424","0.8029473715117413","0.45044064360529","0.30736718938194085","0.30767065879490724","0.34432849967934","0.2647729793203988","0.9048003164812533","0.482212874050029","0.527516064191542","0.36381523544308897","0.5541518198917429","0.33186135973266123","0.12249392545900725","0.6599829880372845","0.22142613024875005","0.24921532193660462","0.09291522486467733","0.3042586198211441","0.19456556925150376","0.1587068243672251","0.20090198858515737","0.26858679281517234","0.30137142624740043","0.2674911023611616","0.34172214123393296","0.24245850188027437","0.18507835359290523","0.28408608234880506","0.3458384814365601","0.18482235886609638","0.26548351218384003","0.21422918207746938"
"0.7548686852641182","0.7897716332623914","2.89142423285382","1.547625083203805","0.6660416546820522","0.6228530293393687","1.0804444032872809","0.5182455037860004","0.3139254400804279","0.40737220792164414","0.32546840747431804","0.43909484899764556","0.2925053923811659","0.1875834660768488","0.3587243837530807","0.27665021082045554","0.14239121090140106","0.22469102408097022","0.10078009372108673","0.16836568895948423","0.12371903881371564","0.06602965774110747","0.09463436020284308","0.1607952183516217","0.06689613073107731","0.1481454378496251","0.06390730128174496","0.169663284033171","0.11362795047257723","0.11425511058893881","0.09137535535821563","0.20349406626910027","0.09048169219658442","0.1422389373501338","0.04686407808570723","0.0850050194751931","0.06797515140409309","0.03954638337561028","0.06267774388728942","0.08925962919644123","0.1948531671450882","0.045719799848792604","0.23016766019252702"
"1.2751645296502683","4.95203350547664","3.449832523168319","2.387632425420472","1.847684141814184","2.026640584078346","2.274505960809539","0.9265013254720589","0.8741264427379043","0.9700261121880661","0.9694811513176713","0.5734653282621249","0.4803464057674079","0.39327273992222356","0.34950739287608873","0.2346145886762668","0.5602056032001903","0.3024379749874835","0.720549519569059","0.3940413826200865","0.3527713003082899","1.2123881204678555","0.35888455988201823","1.6747425720036269","0.4869543239804736","0.17203287337804576","2.2144991461572854","1.6902850323165033","0.4525073682342938","0.9027167626976599","0.47983917852307484","0.07892245700353766","0.5923182889817724","0.45924222562785405","0.46125244120296305","0.3433137022133904","0.34913283551133767","0.20223743468430508","0.018559580200506277","0.32517160458798616","0.13616777994964716","0.17413087264273827","0.12923964415837919","0.2686921264728761","0.05943356792660979","0.32866550408299344","0.1614941838649911","0.2918890345138073","0.29760682562068463","0.4371832628280668","0.16254050872597686","0.18772598319849682","0.10493915323280818","0.20537748379099346","0.12930076257056808","0.11012664996204011","0.1849747727297083","0.09341902927120105","0.12874605753428747","0.047310077133067875","0.0826771183714291","0.08906765040882267","0.13765986295139077","0.34779377763654357","0.18684612091667802","0.14134249549623207","0.21629123244169102","0.09254001985682378","0.12206035122830321","0.13427901860467623","0.05771448719840666","0.07342767090123647","0.09610380247108716","0.04823121412613014","0.05574121055183565","0.0953242117722801","0.06335921690723285","0.03856575249421779","0.10963981222371463","0.13003199163666515","0.0928866230595331","0.08137082817290556","0.1672945480270946","0.22546802933099483","0.15716085946267028","0.2801503495508001","0.09808817450763571","0.2579211377276733","0.13202902240926956","0.16252388267273538","0.147076697857513","0.08515637735103394","0.12691935056254597","0.0045348959151507075","0.21128465778246994","0.03800254683411962","0.1883703192952382","0.0723535483160804","0.016170525669475074","0.11369582954617403"
"0.8726846102256374","2.2513012804507646","1.7664846181158218","0.883797814489234","0.8983992546349311","0.7473629193870994","0.3195163091558884","1.2099181281236409","0.39824397612133383","0.4803441610247871","0.5210850603183141","0.2729855192687293","0.303839785247405","0.24387981362419825","0.16097946924360831","0.1788325998042848","0.1588792977410986","0.4029754317461851","0.2458614509859462","0.6916407522053308","0.2243081102051117","0.4269236286653311","0.2636219162031936","0.34870959903043536","0.17207678625089107","0.15554232154097408","0.31250389420252933","0.04369331442350999","0.32751454857003387","0.07942908317659603","0.14256149597320306","0.12773798117477636","0.09274961957108052","0.12496446657930345","0.11762554514431474","0.1013801094330123","0.06039606405951457","0.14600346687616184","0.122437480330394","0.2496695629183315","0.1500227935637351","0.26318740004230656","0.15235493651343748","0.30798086438070554","0.13074819620568728","0.3897212829466457","0.16740002162719209","0.12773144047798343","0.034100813829490775","0.09952214696496556","0.12059411284815727","0.08252793851107769","0.06893124808635084","0.10584947318934079","0.03808720743313511","0.06899295986016991","0.03871121328079306","0.13292446501734084","0.19563750886845194","0.0681216767292266","0.1439989886071179","0.12957673367853062","0.2796195569127499","0.060302623982870486","0.2797152131343051","0.19350742656670156","0.1859131742557832","0.20775497617262428","0.03464155368831058","0.3053788984234908","0.017438107290179188","0.16849920640611926","0.06434722162451186","0.10268208697724554"
"0.335527665473785","0.9282954886275755","2.7131955667808847","1.5840575231858776","1.1203702880841537","1.1114755156704548","1.3486584099409884","0.6740825531600778","2.3843900016727138","0.688717007406668","1.0818368570812407","0.7419141558349713","1.0876007453138037","0.7097367019944631","0.36408758891957865","0.22582493478191212","0.5962334256838611","0.7165919898808462","0.41265397268709914","0.4195776597725119","0.2929984464817562","0.35855979328521853","0.21160994958485507","0.2280027428559877","0.29057475275387035","0.15802756035973126","0.11999972280433373","0.2046792548602389","0.15401037727487407","0.06747826817556245","0.08465327583805152","0.11405211636121171","0.11087139347042388","0.1355689426882297","0.20820378503755244","0.13452827997513966","0.2242138786424289","0.1827586228269218","0.2652276378945183","0.11166525632283959","0.11896337199185551","0.14869688826828145","0.039116152243617586","0.1383703920600965"
"1.934708448273445","2.4133253848949736","1.3769857479923773","1.4667933644267788","0.8706527104296733","0.3203318034930633","1.9989690371161775","0.646374909461042","2.6015355774367714","1.3651535805451875","2.151504520085458","1.5836145363929315","0.5218777107238209","1.3022370249963262","0.508757902463002","2.4313219931167045","1.311485289312984","2.717238332372067","0.3481156766694129","1.3706954295732914","0.8234257954614247","0.3307190509938609","0.22454181364814846","0.4555552631295606","0.32280080410020606","0.20605582446183926","0.5181747851457279","0.4514914593949859","0.18066127860199419","0.2551199481854215","0.26921175770797356","0.25704568340660716","0.16427755721892962","0.22317577620091517","0.1461297279131387","0.05650834569563051","0.09425375307524993","0.10503421755103007","0.027835691959437005","0.14084495963592839","0.009913668365278724","0.05195922533129706","0.11560344370775522","0.08313570803436232","0.07041294982816117","0.013414684088751804","0.04062815901261489","0.06871627539310034","0.040272226195671355","0.07659391895304593"
"0.8382752846716267","1.1972615248026606","1.0637571856605177","0.8693515735068316","0.5846495172929178","0.42490192812921856","0.8566248588259004","0.3652245444522747","0.4523744388293146","0.5339182818172779","0.28701850955314806","0.2835787353190719","0.567051767409929","0.308633294381702","0.365807959806858","0.18415912464600945","0.11017009878967417","0.6970679492334166","0.3940784614731664","0.027885859474450075","1.0565180400511665","0.16987251770106956","1.0429470347243281","0.4560145118530805","0.8390317646736387","0.8170314779929825","0.9241160854096405","0.43569837407762557","1.2959569213447835","0.0729095523060181","1.1632735026296004","0.21782443133495377","0.7386498990796531","0.5067456579912962","0.05777765608417147","0.36927411399825877","0.5722220680403425","0.1134412482975153","0.5018608563575718","0.03813530620924434","0.23963868671109037","0.08661608148126623","0.1960176010561514","0.07787015177502374","0.029940497458472593","0.18367569616632456","0.08623480558251165","0.06057244621648596","0.04791664315733966","0.10867704249274161","0.017381451176612946","0.11715240034190644","0.0653049810867657","0.12625545385792036","0.08606903976549005","0.097616704724579","0.07543285861098906","0.062038991251333254","0.0527493700421778","0.0858053983500196","0.0838024062033418","0.12381026977025363","0.10303399294589255","0.19638475993246568","0.1878566472295446","0.13491510676000393","0.11228023786416938"
"3.501754755085037","2.6621464245831916","1.2896309625238884","1.602342883449231","1.641667640878095","1.1995146573797637","1.1000969015480848","0.3038752293653676","1.6526679095117243","0.42331722391958193","1.7302503033334673","0.4675148962589524","2.147385884560613","0.5849427324223513","1.0815373634673215","0.17494508369018008","1.3915180122042305","0.240834712985541","2.3688878504317263","1.111792295332669","0.9537617946262358","0.732534790858075","0.7720075683987717","0.4524985450012098","1.3822586884831511","0.5535026385971651","0.3278943794271551","0.6162080847125926","0.39131182954678834","0.43056992767589586","0.29828049964344105","0.2898793081390254","0.22199998571833404","0.20988613024116365","0.144615280961049","0.10311778091526898","0.10623162694056813","0.01145287979540795","0.09630004305747626","0.05668451233755049","0.14856925119965997","0.09390821301866006","0.21937441485484444","0.08117241691655519","0.02415977134163275","0.33871189811008434","0.10558903880025458","0.3475807926977967","0.31324800487340904","0.09155767708543287","0.30033945787967237","0.04257208925289368","0.19458463770607576","0.010352315137951339","0.1656125118394022","0.10523207067854431","0.3514283904662164","0.013015074921974146","0.29864640931336467","0.010599923124013474","0.17356727836529764","0.07765112460585544","0.14669648642586267","0.1252747032136475","0.07030137234142363","0.2159492346722069","0.11780375807457615","0.2936176841688004","0.02124938186323338","0.049245653202451736","0.07121116964088178","0.13991086530422603","0.15753627692151742","0.15044088703549435","0.24580890905305103","0.29004039538217813","0.14581327023688911","0.4517097327279737","0.1295079883644527","0.22613924176776257","0.18720871431048053","0.031084633005744867","0.049466111970932605","0.2651498661936947","0.08674220998556303","0.13533644668508268","0.17566837447902786","0.06769927473852136","0.20312342442389122","0.10004403274483678","0.05638909312784233","0.13828956232280842","0.12347520897037886","0.16945839339263943","0.05281579360600717","0.08008817014044226","0.08959189017417721","0.06406626757044173","0.03905582628314462","0.08202422009887937"
"0.6342480271925365","2.459867250049642","1.6863417504133007","0.33873192794752427","0.5793646447215771","0.9041706685091941","0.36158418499913686","0.6515158828449366","0.3664629942010314","0.44293402284012673","0.5493452639879611","0.4917303747211976","0.25213744512161496","0.3027306271921829","0.3913269545648609","0.32265770007672384","0.18012075850000042","0.415458001750712","0.1271026534377296","0.36289888830771394","0.16537333484863587","0.04141544976415178","0.34869010325928074","0.10020689900148834","0.16363453000140044","0.14579020416582247","0.12483801908965102","0.10285313012239325","0.024074981398181747","0.18956920877813632","0.03390450303884426","0.21240355461603605","0.023781728821541653","0.1536733276913858","0.06090740200677702","0.061836131120932156","0.12598047704104381","0.03999722618041155","0.05447964514601909","0.11198999035306748","0.061167904648381","0.0829354866322593","0.2040217608807585","0.12030727400715335","0.15130331735202004","0.05860088446739249","0.24877305844628345","0.04798547375959162","0.2730237241765171","0.06662476544777696","0.20991511874804542","0.1455906898210467","0.13079189596970006","0.1180027131707356","0.07926457707176002","0.15406218303498473","0.060187365958506836","0.04456306050749169","0.2152864639197089","0.055704479677920325","0.1068673176029858","0.10691087341873118","0.015023106674363013","0.0621742240548655","0.11049706252448463","0.00521936780533043","0.07909435419814796","0.09328895128884719","0.08239509138579412","0.09942874993856954","0.1193066057994667","0.08327230237004934","0.06749130710920569","0.1274033948962642","0.03190177818358732","0.08418304331690177"
"2.0441936512228374","2.0298817732638472","1.3549736915743766","0.9130697770777519","0.2948502108221505","1.6055192458872576","1.0506448830212094","0.7944914903563087","0.27435896696044393","0.843484644696062","0.5822879696123986","1.1102329757364011","0.38386455433261296","0.9172580578664797","0.49411772845515334","0.4657375346557851","0.4456367095932","0.1557252254279323","0.49183326466175237","0.19814442175167563","0.2427204893542782","0.08041443431713548","0.10072125418387208","0.14902137032417082","0.18336367568595127","0.2678032538487158","0.11773802870686309","0.04325992962403895","0.4551068097436949","0.14617063407958422","0.5637457489508023","0.13462051421255655","0.6964275889577175","0.03473611217943441","0.5368839629559444","0.14230119543596761","0.45446945781356496","0.12969939078112588","0.1917123496248204","0.23584017845328265","0.13135902323645374","0.16214787975204556","0.04767114481062333","0.03358641710784538","0.11123413488876444","0.1145817091273135","0.05975757203514542","0.03684236799703204","0.04613518052082565","0.14665919724526458","0.017901180151363362","0.0347601645244529","0.07552261493366016","0.11770662783652981","0.1190671765801226","0.18384341339189142","0.22486243804145603","0.15466929226414555","0.15651130923851952","0.10207762885376195","0.20803437765437396","0.0973704661224072","0.14980802330533036","0.1329894022444195","0.18630810893392943","0.05705405780776638","0.2247289191456013","0.017097590954607257","0.1851979879567915","0.028274987698937416","0.07883982615889504","0.10370973167522597","0.16093293264533323","0.1272123043937518","0.08463761010738904","0.10916671380342642","0.03956452010124996","0.10808478809625517","0.02454353235700068","0.1097524788969458","0.007173235921016466","0.09226082967260105","0.027715369449858064","0.09146446242022932","0.00769705476341775","0.06711470620390578","0.025115009201399606","0.011105891539293433","0.0677041813726216","0.007816689930857847","0.05912111073254447","0.021735419813306796","0.07097866533474426","0.02523840113705702","0.08039376917720245"
"0.4619014211818765","1.9093807693984306","1.5956108425055398","0.40982763195247207","1.009319506419366","0.6958401165663355","1.330221673900723","0.6361200195637301","1.3265603084163888","0.6327600292785371","0.43725220353041083","0.8007527353815858","0.4838634682901869","1.0535507877524448","0.36128054266908166","0.33757172440157657","0.6969496784174921","0.30143754167350506","0.39442133899925375","0.6994804966856508","0.12077403265808569","0.6844208642468965","0.3360510407328071","0.4015870811243235","0.31408104395007086","0.16622728648955376","0.22348782208774814","0.30751121336894627","0.2239727830077049","0.13996170719668316","0.16441496089007973","0.17553331766063235","0.2466127478966814","0.17426631377353283","0.12273178443211367","0.08300879153856236","0.26354266073868987","0.050654243686602166","0.06977436004830803","0.20192238263799597","0.03802164559617851","0.19549124399074755","0.19557034799100226","0.4395874930198265","0.1414511922651685","0.7760430890606022","0.055888927498929875","0.15532040510487513","0.6997232164741443","0.5503134526484141","0.2978778024431169","0.3290336953982668","0.3029329260454633","0.17178725500382747","0.37322765777154815","0.2007728648366823","0.22655409809727564","0.07472462974258466","0.3342205493798715","0.01387293457401192","0.13841250031091504","0.12134485979226699","0.07062037863171344","0.4160313328347149","0.008196549941822602","0.3075320402422074","0.12602666428102646","0.3128047807953777","0.13959680291881119","0.1390170632198536","0.23293328630411572","0.22852833480225807","0.09448267354459026","0.11751831805485513","0.09547860136008607","0.024059251613777328","0.10984681720181395","0.06028577383720576","0.14056571555316288","0.0837613251176734","0.09725802690076393","0.09178299653812151","0.03338578738040637","0.07372933363432535","0.01748976644861282"
"0.38825098782938083","1.5142074999103499","1.8219962871124307","0.9937387890701072","0.7757690568083692","1.2577005506849086","1.1717452801095394","0.50447996009327","0.4535094024369258","0.6568760395659956","0.4055313616597716","0.4377860216163053","0.33376320495540457","0.18582494270849004","0.2986929738153267","0.39073258697502744","0.16119753996110986","0.5476460985937761","0.29552933840184165","0.28948796296712276","0.3626334345819934","0.27034039236918905","0.20309155035470053","0.06592791217609932","0.27563026084056774","0.13332259456512863","0.07354228890656388","0.17197825644102238","0.11428838978745544","0.23863243928679773","0.16340047270197505","0.2176248247123167","0.17824373072360225","0.05781784817984714","0.21368218571906383","0.13343187911939977","0.061412922873112494","0.09022987001542807","0.12140195854058766","0.09813440571548457","0.15407588245525777","0.22748371832164843","0.1402793121804631","0.16535757744682603","0.15878172568976695","0.07512819381444158","0.08821027875329288","0.12782201873098703","0.13251206635681403","0.11558586215176794","0.1629390255874131"
"0.655777526115328","2.9738411246773597","1.7972280999031007","1.9822536403072444","0.7374924252171489","1.0668072151135366","0.7535889266466056","0.9621611579994875","0.5052162171339303","0.22236385411313134","1.1877785971063175","0.4324305816703081","0.4039615547503906","0.4709900352085592","0.2845669602352655","0.4250623655934035","0.3464837756227636","0.26440844409465997","0.5340226479204457","0.32556106809079505","0.2734444507007114","0.3611664466677013","0.14407994585418776","0.20780457070736774","0.1381626022726612","0.12678862344018998","0.09023814257015197","0.20039392561049305","0.07994739663471853","0.041807186534873295","0.20664422198665894","0.04685225119963317","0.06098032043292735","0.07237748115372974","0.045948662879869095","0.04632517707121705","0.05795748309887615","0.03215299623238908","0.09767150213692458","0.04542182825319195","0.0708141063305861","0.13596765979648956","0.09408454860578826","0.14415697073184713","0.2139395985195533","0.054444864997447974","0.5810419350559124","0.021379721045143137","0.4513978053627198","0.11824296769377962","0.029707548868856015","0.16425359964161787","0.2465513856797584","0.04289024611037578","0.2963775860724141","0.08555612030185784","0.2611288233048194"
"1.5045990955624562","3.2433217696759593","1.885982348724949","1.4429934249753118","1.617992166937664","1.2682332430178984","0.8394434275561334","0.4757036695611602","0.8698763912830094","0.7096632636736955","0.6181789037330159","0.7808273057227306","0.375697933862365","0.27628811196259084","0.6153074229417871","0.2913351567173279","0.20962889380082425","0.3786917534270904","0.25881361066793523","0.3956719345629102","0.1972815093573773","0.24573230511305572","0.1128562481916229","0.3407979254712167","0.1369371489605557","0.29313140537373084","0.21177217694229783","0.30538385584147654","0.10672372655839824","0.20858735179498605","0.15121652023277238","0.18468379810664845","0.08715640089508159","0.046072067831241036","0.09904235288422088","0.1266787748905517","0.10153243909276106","0.1482972483659326","0.10494556526435934","0.12049119895823038","0.02657653139279469","0.10589711410126994","0.06347084687907253","0.01188849125333","0.07767343279831332","0.04410383698977962","0.05928870796902502","0.08290579752269164","0.14528832199759242","0.308074845134289","0.20091882590255872","0.4389130506480803","0.2340006733797612","0.29707406240037865","0.34297065758417905","0.22243964872698108","0.17627683925931328","0.17512370685556128","0.17185995798962456","0.22447914700837762","0.13514012523816046","0.19899744390334587","0.19324366119632194","0.18671052971261776","0.2008443001013088","0.20755361539121306"
"3.8557900370345406","2.3843857042967294","1.1088541095010698","1.1219019944760187","1.1876204825302203","0.8477530957887055","0.5500912693144352","0.9671239306431421","0.5744555524536376","0.6217168242626319","0.7519857397101901","0.6153314854752963","0.7652881533776963","0.5258958394233961","0.4470236714034111","0.9745926750213645","0.34867848171539073","0.4144429294886452","0.35319863794297246","0.49526235412090047","0.25675398075174305","0.4051465081465694","0.2776259081109017","0.10324962594732154","0.7240127977741612","0.1552241377262688","0.23554747948229923","0.23053748932586693","0.06676486765076464","0.27299026556139927","0.05898750319044693","0.2044298616853168","0.1769154896108897","0.06748943529968461","0.26650708989141003","0.13252924627017673","0.11208601956484628","0.09339946373206329","0.061456973302590444","0.09104708057953217","0.20067581248501193","0.029355827293053537","0.27066248561565087","0.18237240938381438","0.12126529507215042","0.5088845333976014","0.09262073914931149","0.20211566772912876","0.1572447282894002","0.18238937794041085","0.11576535937613786","0.18716658420481624","0.10296510813720912","0.09815914457224899","0.23336666514445942","0.1351659701593863","0.319082096909123","0.19432237535450053","0.2044843678242282","0.12738821688937188","0.10747590899712804","0.12109775127374597","0.11011057477808742","0.15006637854048882","0.1639875746993196","0.13116379387023605","0.12612224786042064","0.059019300525014404","0.22070499697435003","0.09529381617553388","0.29005458752373975","0.07240339837536403","0.3497829010966715","0.1603660657221341","0.17021858373771487","0.39474012378743584","0.20163612311580112","0.21871304378410947","0.21165351928238324","0.07371147106051675","0.17219237183094901","0.04755237311448772","0.1656343820660937","0.07344191624738816","0.11737952422714501","0.11817569546411466","0.12491399789729667","0.037234732627050335","0.09703945122041611"
"0.5857343011920039","3.6453806347193534","1.861210156946409","1.539283871016763","0.9357614776253864","0.6356047726859388","1.1652037460485478","0.6479974920861308","0.797613053150019","1.0455220005516919","0.9602935855132694","0.4435153566174108","0.2934208326401548","0.4919241878161015","0.3639971953781947","0.25005201904557","0.3732521480859698","0.16800722558224518","0.20831627294062766","0.2618706506609231","0.08237393386390354","0.3088416098048819","0.21158642533003133","0.3908380895804856","0.31578920031870805","0.08105954340087054","1.0445710601471678","0.18713371479961205","0.8167757666663722","0.024625396040602467","0.40211892227850454","0.31689968366491905","0.0427914112465849","0.41026252501368254","0.25866155829864007","0.35128792972651524","0.22488663685101043","0.0907628780335185","0.33681200827012814","0.030709987381286254","0.3504375781384337","0.09255046331256352","0.15094206879031125","0.2868312597696233","0.1623057637066557","0.16819838472471244","0.20523118481045008","0.13099810663221395","0.22779332881230757","0.07438574277035767","0.1781412016055165","0.07460360312090997","0.20333298928971127","0.1057120770022855","0.15907345918982502","0.11459000749854675","0.06067175357237723","0.08444824974198407","0.05848940198698255","0.05452695318718568","0.12653874182411232","0.134013474903899","0.1451858937122474","0.12556611113652238","0.09006112121357743","0.08798163315666603","0.06070396986410161","0.11629784580793394","0.07179888288702581","0.10601028921616736","0.10022956428914095","0.12226759523801667","0.08190384069279807","0.20909795203570888"
"0.2058710495531378","1.8220707029107284","3.4670087007190675","2.636522243480525","2.5565915338325156","2.2074616007127172","2.356383172956254","2.4426862410128165","2.4487909513843307","2.14628583024406","2.0143298179222846","2.0621398513143525","2.1547850204014947","1.9756874998641514","1.3865077155159196","1.4198769393293813","2.0798710508417373","2.337686428356663","1.9760726168512985","2.4536242762554266","2.1078367506429756","0.8614342074175465","0.4724658507493972","0.05841353688503198","0.7596625516355708","0.4610997518540799","0.621246697021666","0.6163991868112945","0.3718925213691147","0.9449427557372102","0.0739715819877449","0.8690280541338182","0.029369140277741818","0.8682785541258701","0.09770588651802341","0.1747835656001111","0.29635044434213376","0.20927338897836578","0.1936709051962978","0.23787738051935983","0.14501293836026136","0.4780926770535151","0.34511976003949163","0.12491220430746819","0.7479957436441956","0.5207862623815295","0.6108445659016677","0.408288059230132","0.5710708255735142","0.4451950608253455","0.3743348341503592","0.5453312942445276","0.1122178596895181","0.46287710895907563","0.4743268054956268","0.2922181007793278","0.35468184846470213","0.11320954686223565","0.22312949313542169","0.2763967136376645","0.09241829122197837","0.13895205293311705","0.1908465128971239","0.0545945500054834","0.11555076099962396","0.15500354794868648","0.2299953545988413","0.13621315744895032","0.24683755143892597","0.20128952686904822","0.17504497520510054","0.3113224596433489","0.032880158255467216","0.3122511023678932","0.12570030354188233","0.1397755472336854","0.20013279977920667","0.018123486377698624","0.2000205119757002","0.1079132087548971","0.3265556462852627","0.060331246507790634","0.2103719402846036","0.11542803904849178","0.21618414272667802","0.054956876352830156","0.08351479737301733","0.05823704492284495","0.16871759469510503","0.10929734686862538","0.3351514251010922","0.08437605383067691","0.23466641825446338","0.1269262032414042","0.07122601190054097","0.07439548452892528","0.1645330331992666","0.08046224192737053","0.11837507910369036","0.11574586251049242","0.18480518321814604"
"1.6308958524617967","1.7996002196702936","1.222066023099016","0.7094367759766684","0.8417685194593932","0.4580782580763417","0.7996613750412147","0.6000758766880926","0.23035682316039102","0.8145142428413547","0.41698325587313934","0.2877887443720983","0.2008056686875676","0.5026627073550092","0.1699690570094645","0.24931354562941896","0.4890739711295519","0.3998015408686427","0.1907610277625456","0.1719461370794931","0.2730034452845742","0.21638632295103427","0.43221530533564245","0.21269717233862767","0.3206761409856588","0.2580508161040275","0.22074837999470662","0.1878214709241929","0.1405133849721709","0.0887289114382849","0.3908330445235596","0.06335500867942082","0.16435910175322604","0.17605730851767848","0.31817515044276046","0.07738610341207838","0.27075730745544113","0.13050923355601107","0.2965869876957248","0.14844559327758883","0.5333781193124401","0.17435985105155605","0.37834961634778147","0.1957030607098657","0.29196405857643803","0.14137060314570354","0.2696077105686431","0.01783107622428865","0.17392731131993192"
"0.6443477080434432","2.768574457415075","1.6251847913651556","1.034424247353039","1.04644406879694","0.871803175072035","0.583568983469309","0.6977473795465636","0.5249811483622638","0.42239060537594497","0.36091163159804734","0.1907023815347739","0.4075811757622601","0.2784974478735737","0.18538005352371084","0.3431985396303924","0.21467234553982478","0.15391429401328435","0.3835388668940807","0.33873837645310134","0.07984433486139961","0.09531572490670678","0.10174962774394458","0.05455478590624924","0.05948221108313423","0.1889574852670434","0.19662123385617344","0.26593911227888994","0.08878851499830993","0.1684564917348788","0.18781150444495917","0.11058240585795653","0.3180974078560653","0.1002505955556198","0.02798200751769291","0.1979906221919597","0.2519374487798859","0.2904862396356208","0.16813012077313502","0.39948548821833196","0.09415075224129453","0.1978463365742686","0.2094073974848602","0.13102274141056477","0.09022424012240174","0.08739826757919464","0.16714172610181852","0.13281177845146788","0.3288832915052032","0.09842153491053082","0.25740828033547525","0.09197168092714444","0.09011082761263381","0.36702349107890736","0.13988465158767963","0.39991532977692684","0.11624417008026133","0.1768094651035753","0.18629646373230413","0.056650712042764804","0.1846848524858703","0.11897376030591193","0.1046524664581244","0.19258942581192046","0.06145619422956942","0.14205688179184714","0.10437370901475795","0.10204301300403662","0.026324555403693762","0.14710983892718837"
"3.90399090030141","2.4537541039262734","1.5628255092486467","1.1100926787694245","0.7840848415704389","0.6122968373025236","1.3629175807486498","1.2988929385619254","1.2964903999362494","3.196958080789388","2.521019449041393","1.3864653395963455","0.8817753320696214","0.5986350970540866","0.541095147008585","0.6256168619029563","0.4403683792155476","0.592391970929355","0.6485883819377388","0.5305266510752904","0.471403635729462","0.19338689646497773","0.38042154095349134","0.31915901469461644","0.4986758091226383","0.2144948335598411","0.5299724660409888","0.20970300082825233","0.3810970306159834","0.22311060786187334","0.14786808830617812","0.15869713494791657","0.09383129624350697","0.08135968870515095","0.18969627575505577","0.05545366338546327","0.15247858876786174","0.17443015766323727","0.22350632294389391","0.24073394339566628","0.1315648543474455","0.3290965497489141","0.30324203421464196","0.2060364575395046","0.18781401291912936","0.1685704870056767","0.25683305579061083","0.34540423374230234","0.3240811504057726","0.26125616429005627","0.15435094363489765","0.1629568887159701","0.22818531009488807","0.11515074538559453","0.21683396220612158","0.24143457739853041","0.22849144429312354","0.12973725179112447","0.5008277067676565","0.3323381947530931","0.30744341746537157","0.3138647894852661","0.19825892487790464","0.17436789144449322","0.08882228939776636","0.1673167242024733","0.0895981189468916","0.17435418361097224","0.10661955992027353","0.1499491795440077","0.10779897565515521","0.196295430230383","0.03373978744104444","0.16338968790339556","0.09106738348495805","0.03388637415067196","0.15892807026354155","0.21866419691533473","0.22639751924602197","0.14305582204454131","0.08829041015870467","0.15748866335948955","0.19253356135513075","0.21991931500156534","0.021370278878512377","0.17977381253694785","0.006646114991139244","0.20454108183148767","0.009739656894693405","0.09319849639524433","0.10668049900146423","0.06561143001533147","0.05052306880255536","0.05155917551456788","0.029529814522036485","0.08510822488651379","0.030585467603579795","0.13878838836038282"
