"5.279640076945931","3.4290547016791186","2.4688211004785363","1.7917370517547162","1.6145833081302396","2.8033675701249527","3.3207278041660886","4.617589110399326","5.1048580087465725","3.6321702087305967","3.178127742258365","3.494273934700142","3.4644233526039914","4.035834121973413","4.536043389158378","5.047033350859124","5.090265297441205","3.9011471261439135","3.7420023084640066","4.077632150879895","2.848922565642303","2.00875787951123","1.4064150580472656","1.038341762904052","0.7033010517301843","0.5300635048935813","0.35447135123124335","0.24952937708683504","0.18762531189176376","0.11863172036668682","0.12389691567153412","0.09555275319141805","0.06490664593297774","0.12315578135777101","0.08820889873683391","0.07838249846842509","0.06325818113614008","0.0390579943960306","0.057649498602844074","0.12038312153604216","0.04728268801808455","0.12584344655622373","0.06179659943716389","0.043788486443328355","0.030917574052526525","0.019921617263176802","0.03498576161480808","0.01832807061750182","0.012415027639003784","0.02177145367593989","0.024863182768787413","0.007765066709739632","0.01832942359040181","0.02340362489391016","0.008566654427402088","0.010211185889086042","0.005733985936775281","0.00833797356725725","0.008100436281642259","0.049592924206595404","0.018051417133142043","0.06676113425736543","0.051848965039443994","0.022612807514023895","0.06899717771210989","0.05371514642560821","0.09991692499818564","0.06819102039301447","0.041451665179511946","0.030291210333947834","0.020116297341449697","0.009000661769871321","0.016209256641033523","0.01656277880730543","0.006975965273725617","0.024167007745782468","0.01070786256311975","0.019689091726018963","0.05629654979521266","0.043397014929971604","0.10271413836187548","0.03945754158317005","0.05008003628257614","0.07748414692987673","0.0756217400660308","0.053446186816363726","0.04104058029580335","0.02902354018674565","0.02491421978320841"
"0.8846545928815356","0.9321365085484189","0.9077260826385997","2.061065965834996","1.4383182081983257","1.245258941195802","0.9338479427040127","1.17014633826137","0.9428718655663264","1.0622927418861587","0.7317711192242384","0.7484969098654106","0.5566452754926089","0.5739395827727465","0.41207995372646644","0.2985014938699838","0.2160650166778618","0.15700646619698888","0.11348727134654808","0.09420616648530836","0.06994249289771426","0.05027419005064376","0.04601949410918462","0.043173787004167095","0.0374390743361912","0.032029292496890946","0.02440950596405401","0.034228572758553635","0.02013223827270611","0.025241592026162402","0.013989361588305993","0.0096182666785385","0.008645708178127012","0.006716756819984157","0.005693447213638804","0.00795049981682525","0.0030778843805865054","0.004632386117233693","0.0027254648287426157","0.0033852009181851877","0.0046085609914889554","0.006075755485006503","0.002309693022856067","0.00409381725947084","0.0054282163930827005","0.0020283590593209284","0.004775432131733466","0.003217792467785045","0.0019107069912584242","0.0023160220240363433","0.0025224798223858432","0.002854865334410696","0.003634643516117756","0.0027275218785846366","0.0016125461737877377","0.003327072685770362","0.0009948584518994538","0.002284547104241484","0.0025111627010345936","0.0003019213598203056","0.002967452040587791","0.0016306260455825135","0.003862323467017187","0.0018709598184926978","0.004552444574105857","0.0016074834406828245","0.0010193865025327187","0.005447815079102489","0.0009102790981100377","0.0047927323388963754","0.000979191409644447","0.004008634776254729","0.0019884978347057053","0.007236861624081069","0.00016383892619624814","0.003815332332655913","0.0019688522776608553","0.0026081919162257673","0.0020500672294392667","0.0010437016847738738","0.002866687362607245","0.0022089520840846326","0.003384048117894861","0.0013133449521713786","0.0029914763510160963","0.0008031941635952458","0.0021043087558221007","0.0023249642623508144","0.002029821542528138","0.0029961892569884386","0.0008594616939427646","0.0038576329594642135","0.001357165587842399","0.0027035333315216952","0.00226680046959237","0.00032430060730150067","0.0018517015990889354","0.0020971218644897766","0.00016539506662211729","0.0017607420477490205","0.0009637192775662204"
"2.4391401697041544","3.1096255731979303","2.1731908255409222","1.9667053540768364","1.3395621534144522","0.9416070767162846","0.9703954994006976","0.9195333602698532","1.0987469805953496","1.0999872621571072","1.0295063078555418","0.9546496916156478","0.6949966165544649","0.48828125205514006","0.4292338118884091","0.3074092128765843","0.23025451956590143","0.20072353523838835","0.17118444444170183","0.17572550244111446","0.14903301640923297","0.09794672010184008","0.09055324526293525","0.06033046367445856","0.05447603109326678","0.05306011268700879","0.03421014983762925","0.04940093831090171","0.03804906279730386","0.023110465581146006","0.027699044802005034","0.01929648094755848","0.02771091501137759","0.022512935292485298","0.005870064025628427","0.01240785954123684","0.013710962324306663","0.005468185354454111","0.013324479268395103","0.004186360353793005","0.006087641429467242","0.004657071292380751","0.012294723827881446","0.02100733150409202","0.016218755526293694","0.019090023386564202","0.015844789801068494","0.00756022127347947","0.012385154971683144","0.004648993326512056","0.008480733587487726","0.010851141386884448","0.011047569023242363","0.006885403876754131","0.007356879031705071","0.007176768040306848","0.0042545194089882625","0.005028298988734899","0.0026395887752563977","0.002577264623262691","0.0020764021782440733","0.012044326158234513","0.008950282005549948","0.01450796785515612","0.01270217783250352","0.013243895961169214","0.011230664342417951","0.009391224321156886","0.004583759370015895","0.013738922620497598","0.006368403373851472","0.011023912187407567","0.009721323631811047","0.009380330056400026","0.005229900629270221","0.00395513362686874","0.005165987407072796","0.002071138360907237","0.0033374250794208802","0.001966941509638639","0.001112178550332733","0.008088880592983008","0.0035511325786857714","0.0051203704876888936","0.0020906265995452077","0.005667643801745184","0.003514556047657705","0.0019727360050779503","0.0033150046816053163","0.0037020362818078537","0.0038401260810640354","0.0018897063841313334","0.004759948892919107","0.0033128467195827757","0.0011167346996734007","0.005836998162852817","0.0028450854314312603","0.004431293225194491","0.0061934673933702","0.006136692609937817"
"6.031132985940708","3.7823556684256836","3.118744760593961","2.361332596618849","1.9835263218012398","1.5233565556680841","1.6908271829030135","1.8501938851772937","1.9999273985977737","1.716967560575037","1.3834636673877714","1.7982816677063191","1.2958792753659816","0.9337906821891485","0.7897954150993206","0.5564408215540213","0.3943668984846876","0.2926578818533677","0.22250823386277788","0.15819407065781493","0.10826488250872175","0.10497218192436245","0.07082320589116564","0.05266415280004777","0.037414126453639326","0.05215663806242299","0.03821046003148262","0.03598577447319095","0.03615192981908836","0.029466265466708337","0.03608171696775077","0.021934532518576595","0.01853373138102704","0.01898688381093526","0.014144267135476878","0.020183850515006308","0.011837650676001347","0.00655479191041822","0.01454871584206274","0.005460695168896944","0.014535246289318418","0.003789634603023847","0.0026666596241106504","0.010839752547560807","0.005569327300700705","0.0035592746256234834","0.020104574404329296","0.010504371348868512","0.014190926054043157","0.011490146411227751","0.013322795082236","0.004163343023563207","0.010547859820429504","0.006060438891736642","0.00879314150559497","0.003948646102247196","0.006274544049790406","0.01119290110564778","0.009468701486801855","0.009537667407140609","0.002991931275498014","0.01597205005311201","0.01469726006640994","0.020388495055907035","0.010873754086442982","0.018844643840616165","0.01216938684246595","0.010722117531192166","0.004571846380997233","0.004654392094726385","0.003988990747977968","0.0041676273311392785","0.016106846510923006","0.00551186762913446","0.04472542064543979","0.02980534296814268","0.021019344598082947","0.028195039248775405","0.018188046120030495","0.010297034314379849","0.003617801228817421","0.0019707723305384963","0.0012488258312126725","0.003444671850587327","0.0013127564031148477","0.004449375919252499","0.005092030306099121","0.0061643002877393065","0.007950276606214942","0.010272738206919914","0.008382927793788793","0.007494627567611952","0.007323730468622577","0.001837837659215267","0.0066074914029435276","0.002061711122388644","0.005127818497132344","0.0021975302702678134","0.0014668009139335015","0.012824216660769324","0.014940993965414442"
"3.395678423222882","2.365155316625361","1.6629325399624846","1.1967087839349806","1.714951934641825","2.060300278041929","1.6883092898019534","1.360457510377017","1.7633770279549246","1.268794015882977","1.59597849212374","1.3832325392227802","1.589162616923134","1.116216401041951","1.1909028608077237","0.9658322477108883","1.2849449799841708","1.288821207040351","0.9088829837950969","1.1649145362145483","1.3571075665307708","1.6681670977795946","1.7522852356211054","1.4420755113205335","1.1816564144376513","0.8259097162669125","0.5804463619434561","0.4088784202216913","0.31498829845566034","0.38566323528652047","0.4141108206937479","0.4487923122860355","0.34721738878454217","0.3652056570036392","0.31635500040605685","0.25817678723521764","0.4718014831898195","0.6053348869004408","0.4830412378202157","0.4858632968258232","0.5153760405226206","0.642533070474552","0.6694275558532555","0.6520445670135813","0.6155345613947523","0.561210088649801","0.5781097552080409","0.43031229520209163","0.521115371115214","0.4039748432647482","0.45598504585254124","0.3603285323082842","0.2956536219214571","0.3249187203036586","0.6066484715756908","0.6611069317637168","0.7692809324875941","0.5996569639010069","0.5154414836629971","1.0233537538646675","0.7601393530359366","0.5195924511061174","0.36451851140694275","0.26398249139362423","0.1783791311116032","0.14785224423849724","0.1016473377041311","0.07278168024055857","0.045392654577438095","0.027325208300401353","0.01682678627108896","0.017771694422790512","0.017908100671859637","0.004829300596907208","0.022553781347987058","0.010626145081495685","0.009778190869190184","0.006544891871497906","0.012847703130163202","0.010095070441495668","0.007870341932871621","0.007898454222832033","0.004946053642194431","0.014478231823288747","0.004602374301639883","0.010083080929977698","0.006575168975673287","0.0031670803925016866","0.0045164627319215275","0.003559345892224833","0.0013269673692980536","0.012842972845346527","0.0024320339119589937","0.010336193231201527","0.006330103576531056","0.0022946533720470015","0.007106818779306419","0.0014525376272838501","0.006191369929472225","0.0025029097827669444","0.004125301910960009"
"0.31007374916049624","4.302305108966676","2.8574004843616794","2.313388150163747","1.6298339735844345","1.2478782988321473","1.3418515793884571","0.9338589910388819","0.8638183184618257","1.5702422687157558","1.1401851160710854","0.8505583754213912","0.5709736374891581","0.7712419901612296","0.5780742912581112","0.6123843800698647","0.7459787944407841","0.6030031304210484","0.5787190984566141","0.43134303903882376","0.599897335276933","0.4326519145555281","0.3516083700570435","0.3153295877596535","0.2682816277945821","0.2651534576852292","0.2010385387353466","0.19466062920854205","0.14831577633568857","0.17268171747367655","0.18206606894013325","0.15631300861137762","0.15561159489644727","0.13872392714190554","0.11562205922559168","0.11305699889377943","0.08868829153527022","0.10731433868441717","0.13371038715901787","0.13928060843784812","0.09356780598152414","0.07135826341713654","0.05400980664811579","0.05550513922593062","0.043900904815055944","0.035148117934984166","0.03437086876036845","0.025151578497694803","0.03923620840053792","0.0628239794689093","0.08974534195571263","0.07766623889639826","0.11825698678652333","0.07372421120396075","0.05098535499535747","0.03236314042113926","0.01837972465136011","0.012194177387393581","0.008223816775209506","0.014860576552940685","0.008720925822709082","0.01189138206807785","0.007867872448024957","0.004424071197127554","0.003470035775044393","0.003980522489650336","0.0031278855122497257","0.001803670184775566","0.004503032066166949","0.003144657651206697","0.0016018869593065782","0.00413761892497365","0.0028960399137145042","0.001737499522727315","0.004589111179386413","0.0021324594140768294","0.004025017604671076","0.002296216965056886","0.0011937475191537994","0.0013324184104859655","0.002616399213082568","0.0019701226281083352","0.0019049571384694211","0.0016421603975488204","0.0015110602574060488","0.0013982250664683446","0.0009273831269293022","0.001852228614201867","0.0012212800397556841","0.00311289711773616","0.0020271552779675636","0.0013383573987444965","0.0021812523912364545","0.0013145459625909701","0.001776384594566388","0.0012002386885144128","0.0007446632693790168","0.0010384558758409642","0.0018829812953286922","0.0016014622599933464","0.0014805550009436646"
"3.950481202109411","2.6805896617767515","1.8585084834002619","1.395705038697931","1.3306305923015915","1.4745121778824999","1.5827208620840107","1.289063137565392","1.500336291018098","1.4573878742023043","1.8358267168779434","2.0433717253691257","2.412738295518733","2.2579913403326684","1.6027590585219678","1.5507019168819505","1.4272587623770474","1.7986906370163254","1.4839781021330387","1.7494001063523221","2.778263030606218","3.8185122984454907","3.622167082332676","3.591559660194446","4.252954281145655","2.933647096724104","2.475198301762274","2.1684623312076363","2.007311671394093","2.2279270974116443","3.740046227405089","3.183802545938222","3.293799318608426","2.0232937530457393","1.421144487385277","1.5729267421775854","2.2265805419013653","2.5302469298544232","1.772390673979602","1.2431401286203794","0.8689252149244207","0.6123083096812716","0.43059732117083804","0.30333921002504655","0.2155619272516792","0.17479528537589092","0.10929873251961833","0.09661491471742213","0.08498235800368407","0.04473656653990753","0.03323588298183357","0.028592650649819897","0.020050896465002018","0.02356370189657237","0.016580597857212446","0.02815673719693833","0.03947293205692877","0.060951126187483495","0.059728759620011077","0.1148992402711154","0.09738805022703988","0.09859223292226807","0.09833216731231939","0.11004671846457943","0.453112004378443","0.3300217959600366","0.2598713652745759","0.20985262876799218","0.3139031890374108","0.26953058107158473","0.21523967092657365","0.1751384958903714","0.1676094304919678","0.1617987093563482","0.121875707693609","0.1219923214037137","0.09772938492233327","0.0792437909496583","0.10716332901917895","0.1044059092544892","0.13073713438971063","0.13793250301945115","0.09662254751674011","0.2911868283418184","0.2396218843920535","0.23333236347458114","0.2277981370435036","0.21736281328720572","0.1733948380136193","0.26835972199092617","0.31007906191481616","0.3067153449253407","0.20887661327862714","0.22728517928324984","0.26703195429027876","0.29877854396937575","0.290329924653447","0.21478710615199","0.19718229032687273","0.21114642669674125","0.25582597748788183"
"1.3781412843371075","1.3040113452855118","1.077323797367804","0.7229318144824038","0.8060936057609538","0.5976893559421704","0.8115554598619334","1.2005291946527297","0.8531465386290226","0.6800702362554036","0.559373124168372","0.49275855375755945","1.0295637861858224","0.8275692836122989","0.7910832035612206","0.6502502622436318","0.7096547727331112","0.6589212497904638","0.5823855638222927","0.41664697343964746","0.5629964840543121","0.562552774773416","0.46479035689695947","0.6446843028874718","0.6858123291169935","0.6991443655982895","0.6885158592250147","0.5983147146415476","0.5268538001944817","0.510660517027563","0.6412015584117292","0.7871001498612531","0.5269401057173955","0.38184470213012045","0.29086238856913754","0.27248198388969236","0.23610351925933487","0.18994992744176895","0.1925586473608793","0.1478949849079368","0.14031288903876904","0.13907540636331367","0.13354549858165204","0.1094813225869445","0.09544169660344666","0.0945206364630137","0.07453824175768012","0.07090042526507791","0.07139812031450019","0.08419933039855912","0.0866707059423881","0.0994095974621501","0.0696318997947423","0.08161607166325009","0.0731039784179941","0.06320027972805968","0.05289163012181669","0.07856223478029042","0.09739834583292739","0.04993472686246672","0.035090706432012946","0.02606149438226991","0.018392986417703948","0.013134065741587778","0.011307200036626","0.014039574662609671","0.009853655720592748","0.012585482937991449","0.008253868991092008","0.0031721648966806398","0.0058017088083182535","0.0065677406740888376","0.0062846082692207","0.004751202212722657","0.002627482566007435","0.0022497321847902403","0.004356714702153255","0.002632631269191533","0.0016389605075927186","0.005455384232872703","0.005075280135900087","0.0027659248660241967","0.0069377453123466645","0.0019324304846986353","0.005443293239898285","0.002728351721176233","0.002413120176487733","0.0027276669273088782","0.0012364427095391223","0.0020976563823919972","0.0014263395579013224","0.0016689189124019996","0.001771423901551304","0.002381367225418102","0.0014207947538723447","0.0008669846635006214","0.0018381310919344176","0.0011006341256201838","0.0011200108388590485","0.001265897218855098","0.0011315041105385184"
"5.881819743407078","3.7457417781894025","2.635428910433693","1.9190544497099247","1.4888781243928761","1.315924009820388","1.1125084652987436","1.0728315055830078","0.9113484241411672","0.9289620404987987","0.891488760807085","0.652064623722489","0.7581369693731421","0.7569593296561654","0.6015938184376263","0.5401921276660768","0.46788029779439577","0.416925291121334","0.41984993304055945","0.45949744576527","0.43648842383470293","0.4541322678994016","0.4929073724442169","0.4868383943822622","0.40950874057451303","0.29948164349174733","0.2507721788000312","0.20180154361344912","0.20698736800394216","0.14256091321600223","0.09958390234479311","0.11922403535837947","0.08673994566530474","0.0741190392782571","0.07071334261856649","0.0633354072358453","0.05128346222406173","0.044593170532259016","0.04391081901390314","0.04709055458524562","0.044848252845598735","0.037838551277221986","0.03283581723165137","0.034937711317408124","0.020620752186622647","0.02248175857719208","0.010426791105396089","0.01619325573324603","0.01004441943113773","0.0077389909299795945","0.005528430534120977","0.013640592349302826","0.01531769414064118","0.007565935393878601","0.010517364887258943","0.004752810310751573","0.01602863564561454","0.009252245324498169","0.004808354349461053","0.006493362648577738","0.003843060433294563","0.0060050186742888235","0.00743652423504107","0.008319038990514895","0.0022345250596635087","0.00394303737638868","0.00231475006138446","0.0019672646868484954","0.003308018731836602","0.004881342572882611","0.004211115443080864","0.0036465175244424094","0.004919890572503716","0.0022115682691713117","0.004254752001415615","0.0013968120664993304","0.0011289362075469088","0.005637009629317494","0.0013968341865582853","0.003998854844296359","0.00302700747427465","0.0018042861199632626","0.005269172584201086","0.0021482303314456943","0.0045013751819115945","0.0009904543703236697","0.0010173892731115263","0.001258346584122845","0.0028127080510357587","0.0008266503018929585","0.002514822016208966","0.009417771139866438","0.002785644365071124","0.006350776953328569","0.0038037779469288296","0.000380441633141473","0.0010238021134745454","0.0018459072091794016","0.0008373655964039276","0.0011912560155088235","0.0008741868589077155"
"5.58522222319783","3.3515002224778314","2.476483863611148","2.024249524317593","1.4476589769864523","1.1210224945995526","1.0125907401043155","1.4476575008886683","1.303254247506451","1.6593429378309164","1.531736457601193","1.7155394888320266","1.5206379033598154","1.1999952742112177","0.935823639923427","1.11814590090481","1.0065601838923333","0.9050769909450276","0.6060584069492798","0.42893296827779037","0.2892568976904719","0.210952275696812","0.14864360196090015","0.11450411388389628","0.07438191732713917","0.08492668266081693","0.05468361495153744","0.02475720218613877","0.0678186573621086","0.052758222771338445","0.06140892642841213","0.03360029837440985","0.005400770594748691","0.06400032417783127","0.023744009150062518","0.040887187629491825","0.033580452970339104","0.03057850005599393","0.03933056486996201","0.012545191957330577","0.03542345040832992","0.007808130086264767","0.024129866098797574","0.00963210032575031","0.01373735488546381","0.017399176683834144","0.009775575676503894","0.019892441105820495","0.018894433882526856","0.018247078858180464","0.026917614500018124","0.015388442877596492","0.05568308207575361","0.02658610103403014","0.010994358479505483","0.048104772045841224","0.016913494516604493","0.0339539827333276","0.022670332598944083","0.019335162480116797","0.02042095489223384","0.004964983446439148","0.01611345862543353","0.0035218900861026365","0.00549979812193931","0.014264287947487722","0.005500960937649637","0.02599541214560474","0.008705789640995701","0.03571120189715533","0.010006403193002382","0.018314593007965466","0.014372435630159502","0.012159360632875","0.05009572943613287","0.019076872390143516","0.026578686147369253","0.014860575603695081","0.02817349917545884","0.0073193867792962245","0.013199209391176636","0.0044547612581675045","0.010274546348527824","0.0062176026891833","0.014035528706345635","0.009536948090798344","0.015349252731978957","0.0062103582508008905","0.00494804173275139","0.007697564406450666","0.002337577444709479","0.0037645915459037713","0.006110806744567221","0.0015723150719839543","0.010838343868601368","0.017366787629465693","0.0036800869146553067","0.02489728088146117","0.008945185868977324","0.01300633101349058","0.008260505427431767"
"1.4373197597989742","3.00844722507162","2.3543222465221882","2.34489056150526","2.547892523230876","2.251268630911863","1.8695374588743747","2.344826415029993","2.097936924991558","1.9664885083447659","1.1056268126650868","0.8296568718664057","0.7154241871677979","0.6371642611808113","0.45531585841283634","0.542970196432848","0.44866149917516546","0.6295710627571449","0.4632338832901965","0.4295018039568303","0.34373988858550675","0.3949623817944918","0.3220693892488642","0.32729930716288513","0.24168014644148172","0.24146396566523282","0.23061059839967593","0.2865359084971996","0.19649556005843033","0.1845980942829255","0.23613610725702044","0.3023752807750363","0.331346622412939","0.2618893909407901","0.2617023225486993","0.31649732481055776","0.32284927439173516","0.3151051745569463","0.41537302142986887","0.3605879763633827","0.26535674569121026","0.32466859990538943","0.2713366257790108","0.2791631017615525","0.2555826704975847","0.3328351286585772","0.35490760737384086","0.640336365207341","1.0930130023191116","1.1585548341403435","0.7453034739192737","1.6672517859354958","1.4004047963117603","1.2252501534917526","0.8517296098294252","0.5763932668921715","0.3953026092002824","0.2650289725001073","0.17714603863629635","0.09961885120564491","0.06742723731135149","0.04658577838439029","0.03124959091917211","0.025123273483214453","0.023288366501176595","0.015099552944479191","0.023172738799059022","0.016641657311586223","0.0120055341528121","0.010423930536394085","0.0045867617084420385","0.008170489770461926","0.006016379734506529","0.003516632263144896","0.007534154728167273","0.0054274608764452986","0.00731645387492875","0.005318873357558703","0.0011782310018315133","0.010823463509466304","0.005828430557603382","0.00395907689036115","0.003431914349973024","0.004734028194982075","0.0015587056720860067","0.0054560182499016905","0.004425164458248904","0.0025624314507905113","0.004392484874287388","0.00016628854439296726","0.0018242606719005169","0.0034420651780060867","0.0004217600449925809","0.004851373576596762","0.002046531513588761","0.005033409249610624","0.0025002577761428146","0.0004955023883158017","0.00847874613561734","0.0033728579178148505","0.003413568775531945"
"3.4212402532329365","2.4156605935989384","1.860818457461172","1.508009298520869","2.058353501797123","1.5921210425956933","1.6650820617352007","1.4043777453494435","1.5065738714705719","1.348033667335563","1.9514716350696797","1.3071235967738821","1.01394919606499","1.0338624507405432","0.6816337269683551","0.52554499467407","0.7739413938756194","0.7449540217493295","0.6387777986731032","0.5373519031482358","0.4704576819855605","0.3400814703580344","0.3222505050055404","0.3296741005713608","0.19540167434350958","0.19557192671558807","0.12385499832312448","0.09487788145018528","0.0687143218521451","0.04710650155841527","0.04943409416377022","0.048459394484504814","0.04764005131539814","0.023038696243782374","0.027818547023302755","0.03325752995590113","0.01650796226067632","0.01581526485205386","0.021672530364235366","0.019560408928519995","0.020481645969417723","0.01966003486341107","0.011987772663990329","0.009262014006489452","0.010218399496937994","0.005046872753240416","0.011433278695751116","0.006838137251648066","0.00775692578330483","0.01406454878228403","0.006204560461733153","0.00826894446851088","0.003964313492515465","0.005874144463656828","0.002486974138334303","0.0006038585761466576","0.0010733962642091172","0.005035938919393519","0.002217062150487415","0.003420495137681688","0.007960389016136025","0.0038791795752407495","0.010722200351830668","0.008336283633562081","0.009373373035646013","0.005348997862285229","0.009941389699680623","0.002639749987050824","0.007553742213722086","0.008035328304038645","0.009188911546301512","0.007278036244390435","0.005065432816523741","0.004411134502038691","0.002754984191273646","0.0030831278876665693","0.002697046168757171","0.001397131725868326","0.0016293809471659704","0.0028494434604038124","0.004243429638171573","0.002109777315890991","0.00039155802337669","0.002263990117244556","0.008233383137996524","0.00397840178315115","0.010047730972604783"
"2.027983631024311","2.162742938098566","1.3321291005038514","1.3864048024941256","0.950572808259966","1.45403136041099","1.7550097387332968","1.4406012110379836","1.461052468250339","1.5318402941974043","1.1999352548776652","0.8462963419453107","0.5560946680067325","0.5508224276374409","0.5091658157644415","0.3603167740139034","0.28857979097728553","0.2068019518293272","0.24831567362649185","0.17711763800618538","0.12287085864914879","0.08748796788853644","0.06320548605016377","0.06310702323006748","0.048467246439576894","0.055108012612236246","0.03481742806158121","0.03694351774618646","0.028398179755305054","0.022824504994350358","0.04094266787736271","0.02691673691430326","0.019449518625935303","0.029933153138046308","0.026926506027250652","0.01880222225511704","0.018345289763936214","0.00720232793965683","0.014795805944479296","0.022407534919327336","0.005596502343605002","0.024038658802688385","0.004569947618573841","0.019218880737771237","0.005504671905158431","0.006858287943689445","0.007673976550321646","0.00376622414999432","0.007563395656569746","0.0046315930098588115","0.007426039790559861","0.007624965669794127","0.002399617316858195","0.006862147547438427","0.001624888857293983","0.0023215335951207038","0.011005134824333558","0.008017963881642895","0.009383840387728293","0.002813545726246193","0.0029465642257469524","0.0025197427074651175","0.014820132732782562","0.02278811042427221","0.010390080387900898","0.007034422352182987","0.0023664118071231983","0.007140375091001556","0.001334943770742315","0.009567166785351511","0.0061024061849040455","0.011085284973895937","0.0040210884236825785","0.003397024929907764","0.005021505008101872","0.0017407804687760951"
"3.26685490070836","2.2264638683456797","1.5627126117305763","1.1072009168712704","0.7818336082942133","0.5846205908903295","0.4342183602256853","0.30493722059798267","0.22628205046761757","0.17339544133208154","0.17043170721813866","0.1539243854577777","0.16147963637222232","0.18566156303619835","0.21263581403310958","0.18724315305816644","0.1741725857419948","0.2327049180316468","0.2381560008118075","0.21609382479103312","0.22054832921765283","0.20780815911506495","0.37713339730287854","0.5532394505664987","0.9653712252149493","0.8131301548355587","1.0876308235081462","0.8658252098700878","0.6147397604040455","0.4108364780846182","0.3800564346059708","0.2825823159155319","0.32001897809476465","0.6328739241658768","0.45095107570166154","0.3426691934806517","0.3003141939701253","0.2879823586110045","0.19608620056542062","0.19598860477214125","0.1480768121168971","0.21422662411517734","0.15154218619143509","0.1471664466380227","0.1365692991790818","0.10669442241141636","0.09388537138434404","0.0564572747290024","0.04109283136036412","0.04474321134036975","0.09218927239593702","0.08462252837261945","0.09954059207393813","0.06985022057689246","0.14323033937396354","0.09750776920840284","0.0681884328935042","0.05305628464152647","0.04271454262451013","0.030474937064070097","0.024255729598952353","0.01943959793048039","0.017239237983633734","0.009793062126571323","0.014277471382038179","0.007879314012700894","0.011637604247582364","0.012265040355765621","0.0023416170172186864","0.019454524553514953","0.008940112367360187","0.0064978454558818665","0.003790098171808024","0.0025687188404900697","0.005455035634987983","0.004188316532337949","0.010772815130114043","0.005199597028866536","0.004064340741632011","0.006787854588142983","0.0030145398670381103","0.007054627986290439","0.003497236421782818","0.0034838233948404408","0.01097624601020554","0.015435940605741152","0.01887417073333851","0.022301251974996345","0.011254625192413582","0.025364299937263385","0.015533912207980439","0.008216122442125634","0.004965396804897898","0.0029354068525895994","0.005343011008813283","0.008666718213807828","0.01260441493164612","0.009807080414189661","0.005978702484678241","0.005192009277620946","0.010357679112200672"
"4.807421443616613","3.6166253735641747","2.4861909781167406","2.029490986435468","1.4221441444970986","1.361270643802056","1.4055146239915537","1.458912986998294","1.613547944362581","1.9173275930977762","1.805645647366131","1.6581965350233143","1.8802149137389788","1.5959461651710143","1.2170343091476525","0.8662755535870073","0.6457396606102588","0.8743705908492343","1.103298899948252","0.8383728516153266","0.6929808473618129","0.48809615118923827","0.41495211799805726","0.4741028458876414","0.3774039414030524","0.3636123510487181","0.4356159476730763","0.4670830985327342","0.5015138525326623","0.49404130850825234","0.38246739161741206","0.42828332821443277","0.34865349313846883","0.2510655753156847","0.176554060948449","0.13044264525579483","0.0869260493173398","0.14534141116386035","0.24463120822385048","0.15319577572643514","0.11597079391519308","0.1037491394716606","0.08722188370312756","0.15860261573945306","0.18138559494111","0.11741067156137652","0.07332448969400494","0.06182495790052357","0.03699207032960683","0.04270069698579242","0.014034658254684213","0.007621118821079008","0.034691389960100835","0.012321353002921264","0.017056812206360586","0.0038139940767092212","0.011179680425794827","0.007081372282118452","0.0137654018421613","0.008469188618382436","0.009950387175806995","0.014651642158244044","0.009080866465695095","0.006449653578878124","0.014725714992061028","0.02249046963943841","0.05405518153588129","0.04013147965877006","0.03889409124643188","0.026415872806006057","0.016013096026584576","0.02392853405120625","0.012350274876613335","0.020444745149016307","0.008567675321232654","0.07599509903098003","0.10046737091293063","0.14413550817546755","0.22370730562256275","0.1577658437951997","0.10042936437797705","0.0540547267136534","0.030214283763940936","0.07040294629578421","0.04145057830491128","0.06169140977207056","0.035555125031120086","0.022219175431649023","0.00966777169536219","0.008829955007738505","0.005306131738460595","0.008678132970050254","0.0035866535541121242","0.0047187363630640106","0.0017690450275878234","0.004044291213512179","0.005743130776624922","0.006498605654904061","0.0037141141003416726","0.0028836646698077485","0.0022827240805792523"
"3.0216982016760854","1.852605110147475","1.5302984186636088","3.1839018623065134","1.8521885119034907","1.6954228378200817","1.3191072983676206","1.783538458872345","1.2503288894227598","1.3884791411304946","1.0589738306512277","1.0139373064664507","0.7276051429263506","1.1167082504780659","1.1535515984922684","0.8908603599788801","1.1749993010576514","1.4188248727446495","1.1131334560466495","1.3233416904800337","1.5911858584024876","1.4793943068838122","1.753451512157324","1.2998114715349711","1.5800575963251782","1.782131424550767","1.6260260660172894","1.3393649671360144","0.93929521377597","0.6606755352467675","0.4859707070690037","0.33626776081704424","0.3116370155122349","0.21186467398268277","0.21766867742392043","0.15386643015052764","0.16686400096481332","0.12556913428744387","0.10979068455097836","0.09048494984655175","0.1197291895948434","0.1456890033028765","0.12435515811477552","0.14707095250068805","0.12906085695994488","0.16076178753758116","0.17845887895036952","0.1781244852944347","0.34471651299495776","0.3889016382949166","0.35639008682654294","0.23531232288428958","0.14659160335066668","0.08518356647900735","0.04666327625815618","0.03308324053917163","0.021983295585416906","0.02487661420221677","0.019866473990792936","0.02593707455965098","0.015170407171324318","0.030793220441971227","0.005229672819108284","0.03281038993044148","0.004584645633532359","0.02397465674861418","0.023954060037356437","0.02722679055414349","0.023891545157474846","0.007119967300946403","0.01961496444225703","0.007565589969243602","0.012920583667860785","0.012050024031081607","0.016411066439990945","0.01103107585206147","0.0025750155193409755","0.021274484158065276","0.007080918508095374","0.004425391615871188","0.012539896077454727","0.017681913775172576","0.01216695838336054","0.008246951345642704","0.006577811497570715","0.004146143551396539","0.015303135398266898","0.0139711232784623","0.013840028067603625","0.010968108539689643","0.011688885474557875","0.01617893496402485","0.0082918089847266","0.006722015655574233","0.00900271970290117","0.002782086727925096","0.012190744941884874","0.006437777177426418","0.009744784623726969","0.0015776243628085542","0.011608961832492107"
"1.431866064033138","1.2933118129971828","1.3620059292081603","1.478711546432657","1.1222250191499576","1.1911083458630791","0.9525186774673291","0.762019755092239","0.9381933103621314","0.7037152743097324","0.5609357917253657","0.9875466634803949","0.6723222855815256","1.1141166934524054","0.8631378926202112","0.7012401364313205","0.5571252978709369","0.462427342301721","0.6136549799172025","0.8207609914299165","0.8873964382253738","0.9205640932734445","0.8665231037852431","0.6870827001355362","0.4917959534025268","0.455754349308991","0.3393208033448928","0.2585675949317567","0.21889757420797357","0.20463140613860156","0.16420284426507084","0.15527721199957326","0.1332639230009794","0.1060315290640705","0.09717659650451811","0.07679177454321598","0.07199216855937296","0.05453788463087904","0.04118156608240066","0.02954589359161231","0.03971355380667763","0.022964662703370248","0.023093642499835663","0.013392192243130877","0.0056593504529618924","0.017948192991810996","0.00597120003667481","0.00949063156718678","0.006337112524383059","0.008980472824752042","0.0035250481555967788","0.008742576539411311","0.002510974540110877","0.0088769173366721","0.0047065576500507685","0.009188547811520554","0.005890507520607628","0.005110318835934652","0.004825635378511511","0.0033991027994610496","0.0056470957539402605","0.0036713720988367283","0.0030121652268326918","0.0044099969725921616","0.00938229290577337","0.00404955697356822","0.010631332812898535","0.006625051132684749","0.00856549804140467","0.0079531454233713","0.007810254989845944","0.00517992166699182","0.007583214368433322","0.005181229271465094","0.003758735175338288","0.008535723750160432","0.010603123669129879","0.004125196551694769","0.0035144018984655722","0.0037714756359925015","0.0015126717831920153","0.006188737103267776","0.003302724961719542","0.003953255886871225","0.0017324864640588411","0.0043565483661616704","0.002164313842857292","0.00619106169380936","0.002688057149483401","0.004735956180414487","0.0034385292663156146","0.0040956251083886334","0.0044309249585383036","0.003319786820144277","0.004914208841788846","0.0030230886534142786","0.005574816196542447","0.007157636490347635","0.004507112231990851","0.0037791228042669623","0.0020139312069552733"
"2.1301058426474473","2.0871600832267205","1.5111439454488196","1.0374468199731688","0.8603976414151386","0.9445586455556668","0.836983618535859","0.8408598660133226","0.9960917074482143","0.9649512670087361","0.756282182974752","0.5725867445127596","0.41655095795174796","0.6618013029559882","0.7810830283388099","0.9372120182479652","0.9048651594934565","0.7706803897795294","0.4632433453978675","0.33792453193903627","0.24905012568959356","0.18192891221919635","0.15958613401125626","0.1429590912757734","0.11684531887676904","0.13865049699493764","0.12246226463377607","0.10965011781699378","0.08219923979679386","0.11744615459631651","0.11326870425979765","0.14040935229166326","0.2311280180330332","0.18710146184684304","0.14935242892297423","0.10821238195950947","0.06923322828719315","0.07786999371012598","0.05360150237617267","0.07654818590379191","0.023564816224968133","0.023288271676089715","0.04831713105123851","0.015496405817188804","0.047292026519095","0.029729068713236773","0.050692160979417714","0.03625203457895236","0.02674254220349522","0.030181793557250296","0.02697698526035492","0.03320523169801419","0.03313912245727503","0.022821520882682245","0.022813877826795496","0.03095091075791988","0.022315578391709105","0.019176345971168445","0.024777369014291267","0.013753416608781033","0.03616280031381587","0.016383062571309538","0.009223933309905622","0.014900821838937003","0.00542065629591296","0.035307353198516606","0.024992403242875084","0.024864127433049565","0.016939370621781556","0.019253213952476318","0.022861276546558285","0.0073772372699696664","0.013040598500022784","0.006280121176199996","0.019928258206550427","0.0012718015172690994","0.010427859525446326","0.014912538785957542","0.008570875655125185","0.013556399824166319","0.01019935492196811","0.0070639640299767865","0.008308776227635003","0.004523806012698243","0.00942329616384815","0.003483001400187956","0.008167397805801753","0.010373097874321106","0.01570360320008287","0.02701147261096799","0.01143194338003714","0.017389154103234473","0.010761075510392116","0.031632751453998645","0.008925936104962248","0.014634967903165003","0.02035252071693932","0.014615585859381258","0.016682020903891467","0.007760796265922343","0.013010524985619026"
"4.055349933799309","2.683727425776211","1.852015671529531","1.6101702244226292","1.503211423861944","1.0152051355375797","1.0182177732865323","1.0053715278342068","1.4299266448302022","1.336966330459401","1.4700737828949415","1.6479375701475063","1.9616683266602617","2.186233618619423","2.0330919277741413","2.0696241109615","2.1796907493592674","2.1274822851559305","2.0849754372529286","1.9099557713660278","1.6670674008493687","1.3700113868184487","1.066606078852023","1.1545891064903957","1.378218113016596","1.1457100414890493","1.1756192426816063","1.1774399813374978","0.9594854461302609","1.129858080106127","1.2880120211831216","1.107826471369289","1.21535695255212","0.7144284521189519","0.5083856094254914","0.38457551910970605","0.32872206059448794","0.2922426834139246","0.2763940138133639","0.22857316243382703","0.2224737809050737","0.3370524160802762","0.3404541894529201","0.3646325140507768","0.27749590049856565","0.4203678203363971","0.30994771784585884","0.22571632885688747","0.1761786707507212","0.12324695679668438","0.0848367819325924","0.05522623849310685","0.04024549209684221","0.04086230741605286","0.014455965150074765","0.03376534817562042","0.023231438078333853","0.010936788099760635","0.01841809612918551","0.018159243793105243","0.032228664255640915","0.012660738773996228","0.011019428630230593","0.029896240872149694","0.009133792133428912","0.009777452180874242","0.01950941292936927","0.0048155247580937985","0.010493251257729604","0.008995298051019776","0.012100411824433725","0.004944666504562265","0.005332967054502655","0.013588484475533614","0.007911117996496842","0.008909560860499512","0.01595239445154035","0.0028414984441839865","0.0071860760662724316","0.005699981983973109","0.0043111872060911565","0.004783668498736337","0.004471936949760112","0.0028778759662540848","0.003894265600241551","0.008068151602884238","0.009293937676819956","0.004201617664368855","0.010379541898807344","0.004171702892269072","0.012354130121162566","0.0028344767137236755","0.005075941148069432","0.006800646914813496","0.00045707246634264494","0.011582951189949413","0.0045277947161713235","0.014378879324491356","0.0031765591821457883","0.01204348236534564","0.004386746649357299"
"4.163443179225869","2.6409204596248523","1.7533072384688257","1.2499534566774086","0.9921201723355102","1.6505687732608127","1.5539575028968498","2.07216286402143","2.053609156163007","1.6134875759784086","1.4334199774160268","1.0714822838311229","0.8233437789963615","0.7209776005389199","0.4934496902749611","0.44301439658787417","0.39000768263161395","0.2998940215509008","0.3352184443026487","0.32966245618362794","0.2756307350536925","0.41561376993104593","0.4260142164874091","0.4706973311309929","0.4158439349307773","0.5539839470495594","0.5465677936993286","0.4051601799611387","0.4419391065817736","0.37084184824871835","0.24779912298543444","0.20937498091639997","0.1946515225357402","0.15501210174761262","0.11578816083394008","0.10051347553852416","0.06995906170053713","0.05922525362179165","0.06396050296833115","0.047222821091254696","0.04221533218175279","0.021575210471863563","0.03466177261053173","0.01836649243644047","0.023762298405363143","0.014230953839549637","0.02173877216946696","0.017926645756825756","0.006595701162592951","0.020056349448699856","0.01928326560465294","0.01935136792719898","0.006075914672892917","0.008935783123344669","0.005660678823652653","0.01927759757618948","0.004594660757336053","0.005434863553816431","0.008586099206059733","0.002238076280274081","0.011921988094727888","0.0024267167353689894","0.004074766622604524","0.0066786051678760176","0.0021532061074076322","0.014069678272919986","0.025238942157592544","0.011848676118364312","0.008653494299967151","0.012298272862142686","0.003770948689943629","0.0031551396647596973","0.012869327179357067","0.0018507366705871075","0.01180938416264269","0.0020813340859219195","0.00555694372662588","0.010249480253923516","0.0017892742687030372","0.009421125976000536","0.007026602875210045","0.0018541759134916853","0.018566823974449392","0.005504422395349864","0.022140422192364433","0.008543064181109372","0.004497257063744069","0.006267187882791266","0.002188452353485638","0.008578932943645257","0.011763279855226528","0.010434595261950137","0.01167919522370774","0.005658973864351477"
"2.890535457370013","3.5365264895849244","2.3792232256924324","1.8069235460303232","1.3651365946318947","1.073501027391438","0.8983979261363393","0.7263805520945714","0.49357622833138387","0.3973477860502355","0.43038474241426916","0.32305782729600924","0.3543574407911937","0.2708949138836114","0.26452828012338464","0.2534279213663831","0.17113231675791266","0.1152692428762018","0.09637322327044175","0.0592448157227505","0.03919654816100804","0.03093516457936003","0.03396556684278351","0.020385025970444403","0.02090074553834091","0.03441385613038844","0.012152220266576415","0.023603678908320273","0.02409723739660998","0.011965465537027275","0.008988937732412482","0.020355477059834905","0.015333521064127614","0.019591642485422583","0.006391386022649849","0.01102513916538151","0.015325893183979816","0.012197866701578599","0.011326563456382763","0.004886108007396943","0.022456020366122313","0.012482986948017938","0.006519378358769245","0.007598831996402673","0.011685089819138622","0.016764459847460944","0.008053259069386752","0.011972795353333024","0.004503951445920535","0.005739396308334979","0.005568333627090967","0.003784729440730187","0.014566180770311271","0.0046817497329047384","0.02608305327409239","0.014839909286201079","0.006541494550176022","0.01895104646355346","0.0067656944528019375","0.012647087868119916","0.008161365326404341","0.010394123818083485","0.0079366136912844","0.01057496694802861","0.01210307993844992","0.017929137017716416","0.005350259999758893","0.0028452231693544454","0.004585450725855105","0.007642865816509417","0.0015506783033996715","0.009321431150740526","0.0009765324401845056","0.005749474726776829","0.0021535321138192736","0.0024502409961564228","0.003844714785523383","0.0008953058299092806","0.00437699317158319","0.0027777084156333873","0.005733738313468331","0.00381943642607833","0.007272715268736796","0.004434431503699689","0.017768039244328744","0.018607044995439487","0.010285028428467877","0.0022212964566374485","0.009186500874017216","0.008849769497640126","0.006895269332659597","0.016077868375406257","0.007208236338188928","0.00568847005103567","0.006019104388739392","0.013604972947486416","0.009694849138930376","0.02010083825803944","0.010187384773809604","0.011920331190321409","0.010955035772485886"
"3.0567671915253847","2.265849076264418","1.6068529013061887","1.201394530559291","1.2069271810332216","1.0063595251894353","1.3048319971328368","1.7741124615108106","1.9680699895534353","1.452070781299859","1.8056723078273336","1.177472427305289","0.8468247096588989","0.8616109407156731","0.7749255130839307","0.9740969344772488","0.7804482190094066","0.6179294739594384","0.5030831084901408","0.5683283494841953","0.5680209856975165","0.48071304551117267","0.44549587106704386","0.39566915323364227","0.2805101313572432","0.25601331354363027","0.20333948227372742","0.14728591170217456","0.12421932255449766","0.0985431338733776","0.07217390126142013","0.05437344438638618","0.03776104976314039","0.030212151167172192","0.027233190945870196","0.019353290507429823","0.015550101920143306","0.012503438715813742","0.013753065755649144","0.00746153433841625","0.008577411745158426","0.007174456417454711","0.006423584354615081","0.006134353920882426","0.0034881896101848116","0.004222726044137989","0.00678258036989553","0.004118743028692749","0.0030610455319207996","0.003952931891003585","0.00613881673891102","0.003983808317009428","0.0047268697197907356","0.005172113759803092","0.002829552559577401","0.0056191751386240225","0.005427411377931744","0.001781043836616266","0.005099023671012122","0.005217659438231814","0.011186646412165758","0.0028804693920511963","0.01158036336439017","0.0027315026267172647","0.001807715616327522","0.007492012937033277","0.00034859509369955576","0.006729645652020643","0.001256015425518589","0.00556519553842668","0.0036034664122337897","0.003856434821604095","0.003130989925975313","0.002808309182624066","0.0027569753832997305","0.004216080097584817","0.0035460075224273318","0.0018207365755376816","0.006691500855313925","0.0030782814563760953","0.01315004340335263","0.0055407346091972945","0.0009110248692840234","0.021798679426024734","0.009710519010975815","0.012690143469882093","0.008953004763593213","0.004865531787294921","0.004584961151727937","0.0058620183053726595","0.004842085824766547","0.002255304428740745","0.005900736033665745","0.004244508426666175","0.001728962940600177","0.0008981033584170607","0.0010573364045565379","0.0032333343258742165","0.0003699628908576682","0.0013083987589403896","0.003767359008991089"
"2.199508770585043","2.776440453288053","1.755263306810694","1.5236262872232937","1.3310533212564362","2.010860312010279","1.6448730042924964","2.6683206601155214","1.996692139471437","1.5842690414177523","1.732151976282995","1.4774158612863246","1.2267579921813425","1.129672718319208","0.911306746549194","0.6490544198240575","0.5439940528515809","0.40398658543907445","0.3332506786956056","0.30448120171535437","0.22680651589704132","0.23633326813823552","0.2970236599608368","0.30740231971504894","0.257927586204409","0.19988604817786448","0.3054845963296099","0.19018606324745552","0.14578098012556898","0.1058052477765405","0.11018606454822119","0.09061887766185785","0.07211718087072941","0.04770001484974469","0.028843411784545893","0.0192076751458716","0.019141258780220893","0.021108085855345037","0.021433175682414218","0.007885327887565416","0.044155709198089345","0.021028663718333795","0.023461232233916978","0.017948303649606805","0.014826893840075775","0.008370990332648636","0.024287888956753483","0.01605772178481096","0.022706923083540838","0.020235561055793293","0.007124483117156075","0.04940718387635786","0.028133660534968942","0.0313622849562054","0.014922981004214183","0.02885966494809004","0.00926881560173673","0.02991054860060669","0.0022107673538342846","0.002955069006392602","0.01738322972638708","0.002045882118937973","0.014431928247098514","0.003078303751438044","0.012514857876628496","0.003906073053908968","0.02043451444190166","0.001925110739560975","0.018214985720114922","0.006718987549988236","0.012480937784388036","0.01118047229025367","0.004085166130369642","0.009412665878199094","0.008660430056943719","0.005035751558893106","0.005718144608060349","0.009882021683278718","0.010836419400378158","0.015326434082468232","0.005435937546059269","0.018839606791798306","0.02084152125770681","0.028903215551040324","0.011588627531410989","0.012841056297849712","0.013417117230676446","0.014549156088502291","0.009390995105687017","0.017242019031392754","0.007814413420794331","0.008005092823989656","0.007538245492225449","0.004988816972954438","0.006435193929860047","0.0030524304598812503","0.00652350609561835","0.0015041610225267202","0.007750742599494246","0.0041183373854286175","0.004081525844971299"
"2.2987219215090517","2.6132444721346566","1.6779265181021408","1.2264945775113059","0.8116333897895812","0.5754038380779173","0.5350371848066116","0.4992865534145178","0.4459272640185625","0.6080856771628305","0.5675567168685929","0.549227212473741","0.4651934225878819","0.3500898190136392","0.22071502164895893","0.4040133959415231","0.5968711186789553","0.47591501401436426","0.3342686343456438","0.6518004512620477","0.9622831394358478","1.2861229989479905","1.3801189033440777","1.6070562242935598","1.4971014736433483","1.2256777135271766","1.3570808550956035","1.5124206297349303","1.546338560976234","1.005817539971869","0.5966918648968574","0.7057186684702638","0.5279155074190289","0.5459674155830996","0.39100924771254075","0.38741689305330596","0.3643129683601205","0.35713376387056","0.25607787181771047","0.37834252268336355","0.3358416752761499","0.41596241969268677","0.33191016466917905","0.24294448734799623","0.20713507869758924","0.20541957210756365","0.22471618481295313","0.16919037572088053","0.25917193844872716","0.5670563859078646","0.5295240621403722","0.4952988717422525","0.5756679404683759","0.5427603388138008","0.3900757896406794","0.28206386107792947","0.21447370624559917","0.15069766414988878","0.11202140282503956","0.07521896487912738","0.0425033931185114","0.04372747904639871","0.0433214542690198","0.10325590815873627","0.08874507852645656","0.05591136684321381","0.034533071485394626","0.027703963016858763","0.03844554375330937","0.045088176986271225","0.02646227766553879","0.013706818727457529","0.007878677674035123","0.006249566867627687","0.010945528573831909","0.00952201221501975","0.005411469045900746","0.0646176120420395","0.040946350258364975","0.051905965249346916","0.05936995297104225","0.026446118014651614","0.03547936965534956","0.029474854493680275","0.02303957944020369","0.008890835416505566","0.006376174090395875","0.08636939865303242","0.14578066799704253","0.10275722433117022","0.10102543774066128","0.0662905088582911","0.044021250553761805","0.026918984161240354","0.015033736057979332","0.010170804746561924","0.009662451871548091","0.006045170461391627","0.007556101347270097","0.005608192077745959","0.006263906081361811"
"2.301557360141067","2.208806781550142","1.4251842025216335","1.8764363167731335","2.3978766777951526","1.983137793609766","1.5522361384207752","1.2045697547862715","1.616135734364849","1.9404304037410511","2.1571593183343296","2.598260333410578","2.04824795363961","1.5055383094152197","1.3314159237285383","1.7310275887313327","1.8017891221278561","1.4267336798306662","2.8930581157323894","2.488381664212618","1.7885669438578922","1.5557634266978897","1.2745665392643624","1.0718894668903682","0.8515557838375066","0.6350075221193991","0.6196996662212779","0.5806585080772153","0.6785429327581352","0.566073359338235","0.6417098390854641","0.46393261817379516","0.5490340319954041","0.5461044648710629","0.5531654701060785","0.572126764368307","0.4460176536501465","0.5615111309613251","0.6396173778636215","0.5737383399909433","0.3480769972869257","0.25313324092391515","0.215191526709192","0.20445637441388165","0.2109960319062294","0.17513405125398548","0.1397693943659955","0.10474266904173282","0.08197625033239928","0.07200009564712465","0.05831646233908412","0.042141934134430445","0.08044139215629112","0.05769564037713283","0.03625152491606231","0.05302026996361435","0.03292881673712836","0.046290433933314314","0.021100997818347376","0.028752533065652473","0.025540818445173974","0.012861920665158788","0.0342805122393964","0.007050496387195704","0.013492253675073932","0.021097329024373473","0.010957612887716892","0.033471692150814594","0.02553474674968863","0.0184194774978753","0.023231528867969663","0.01931138994109518","0.007940475605312634","0.018589889703614186","0.010182116044936065","0.003738036739311599","0.025783471849701266","0.00269685555191335","0.026083588735476594","0.004014567032071317","0.007080347862613787","0.01728202210722275","0.0004629528940716619","0.0006039454343988462","0.013896911347571695","0.0029313045959264913","0.005619722348767861","0.006911632087176411","0.009606864060277588","0.017609550364488795","0.0066483198940221365","0.003285877167366181","0.004515255462969256","0.0018405281764569078","0.0019234686684931695","0.014394362399336672","0.007150592336881513","0.013791831303101135","0.003726617563251616","0.013050847995494247","0.013044949871532818"
"0.5893676431793484","2.649288900477271","1.8294574500577991","1.7897168418872345","1.9470228812692958","2.1155710837776085","2.429539108711564","1.7691976625980068","1.6935966383739802","1.3211170638294807","1.0117393628452254","0.9148690655771958","0.6818239286276953","0.5915640446773914","0.5334111714206395","0.4456751556275419","0.39652103337284456","0.7066799898945699","0.6576789483387145","0.5525924398735533","0.5805197237464556","0.8203450416269854","0.9727989182399694","0.7989430924050748","0.7033952400875771","0.5118461611539633","0.4086849881997011","0.6164610314284594","0.7430280696032735","0.5855780580433017","0.4561983672743713","0.597302239455461","0.6768036574066387","0.7298389737536761","0.7249263577881926","0.587924476728358","0.7337361682349627","0.7512298435697204","0.8758773540052764","0.5526307102301753","0.38365145370598575","0.2800328633821768","0.23083363434539222","0.19311988412332964","0.13897999637559133","0.17983329147419833","0.12859757253510767","0.0907510879427458","0.10582904133081197","0.06455540058041481","0.04714847159697076","0.03208805527300318","0.02570542952977114","0.04450866331430918","0.03043668693618664","0.023692956718240742","0.018306401902180018","0.023960464790939724","0.00911823024301298","0.03193759322516764","0.023593656703238493","0.01758008050421339","0.018164697712719932","0.017175892279047637","0.013473878158873815","0.030540997328586283","0.010851688676792167","0.005999107918920394","0.02499174998876027","0.00866949106289272","0.0077680602658689495","0.004885541316759919","0.008371114369937292","0.002337149526703836","0.009251055766400765","0.0030327238053570087","0.00617414518730063","0.009349663511694657","0.019652713261778473","0.004228872040291284","0.004476025822017292","0.0060487810463282984","0.003655057264613315","0.0023316432788945485","0.010832071215808172","0.0103434575222992","0.014587756334510284","0.011589614853726452","0.01631754788532919","0.004662722936014553","0.013690147211287284","0.01863437215291891","0.014220245020293098","0.021049877810205998","0.003192957450552973","0.024689550518272416","0.004582459516423","0.0087389338089559","0.030574864523039057","0.007589598810357927","0.014937844550103146"
"2.605126412253714","3.132058092803037","2.076954216632832","1.4591938272571416","1.0271651526085959","0.7241081637872385","0.5070210775492034","0.36580067011990053","0.3450260642835617","0.31169808591369363","0.24290361470587385","0.1707945099822154","0.19896005584796214","0.20069025786936576","0.21149693553303223","0.17366111360308184","0.19287123104089238","0.2325516032733864","0.19377297748189642","0.19013518531821894","0.23224130843394536","0.17360807855926047","0.12447506975195914","0.12372159366302152","0.15559389153307043","0.1290340291475918","0.11457152515901332","0.12851000454097664","0.10888562184777215","0.18179504447623263","0.17966071986108434","0.1602193458702326","0.15192046269297044","0.130983802651726","0.11913627497715536","0.09730034986511256","0.08785768806117766","0.08248459319769226","0.06353823899624844","0.05723505480972223","0.053971579206963514","0.06167066975180713","0.053596071342176976","0.06827985934941556","0.06504027883663348","0.06271547704943345","0.07013073116423005","0.13929971819221812","0.8761724854128422","0.6370747868128246","0.5061605383135955","0.6510679073954514","0.5780191825788006","0.4531096267980931","0.5532522458916865","0.6921851915335617","0.9508438919421958","0.690335867102635","0.5196330666516197","0.4765336715724242","0.4166933448001453","0.53565030698519","0.4134054142221585","0.4934951652554517","0.3593489923892389","0.45311666005177476","0.3274101953841164","0.24222680997721452","0.17901554166703929","0.13105658761271852","0.1558636748066597","0.08288763063800583","0.14384585486209722","0.09964738632527877","0.07076755254375314","0.0499629155828874","0.046123714786040236","0.03614722608109139","0.10559560130949519","0.12585416340971695","0.09215908294532175","0.1802696414055446","0.10083723937495837","0.20818137505424192","0.16190446672894282","0.15069718705723578","0.10699492653401643","0.06598107642258559","0.034569310841727485","0.01927649521115707","0.014505116760669696","0.06860317307690808","0.05261408232007438","0.1072052350359672","0.07152701947187112","0.07591660332193566","0.04570029212889332","0.08760226320451056","0.05814298420463948","0.07169356089486666","0.045460502127009486"
"0.7625875304100477","2.9363029037503665","1.9062215157707278","1.3974166973703723","1.709669226088525","1.6844828791425648","1.636212979237444","1.2028985971707908","1.0721628479572503","0.7147350417531717","0.8487401634957645","0.5595958856370029","0.8052923488675532","0.6105118388777662","0.5560640274252567","0.8675375215397281","0.7490459308901454","0.5271935240056227","0.39578530177839377","0.2964494698876828","0.21925768105430224","0.18495648192014613","0.13847848102787055","0.11804312743833198","0.09302121294561061","0.07747139161346007","0.06076044148377666","0.04968452305837299","0.037616477555706754","0.04668577896968969","0.0326600390350341","0.022050098010785203","0.05544537699314354","0.02574270317818972","0.05783677959726763","0.02506513646842291","0.05818182140924526","0.02760796484969698","0.24767989503520785","0.19404460644104107","0.18003124302202805","0.12337289872227886","0.09780088544052676","0.06289107292039034","0.031024573201666822","0.019450012806648913","0.016264339553689437","0.009498644038754379","0.005231637797624969","0.026448189541928367","0.00827934455491191","0.035067238656746685","0.004184448372760274","0.01702894748531741","0.008631762319884391","0.018973032876272715","0.020527249372449864","0.007971050477191719","0.002866001189578632","0.038193275809949724","0.07251529806570826","0.08286941740120725","0.13126917815569422","0.09784670644482477","0.08556959124560361","0.04917787413674825","0.034293397038900345","0.017368403657799958","0.010700258730657792","0.08141539756358862","0.06587902345369603","0.09229628963631495","0.05740819492009761","0.04310607832314156","0.01935674225575863","0.018190324545633428","0.057855636668925535","0.0824713616893532","0.062396448976545324","0.05552820618721993","0.023862439593981835","0.013685292669457916","0.08422322816139408","0.011356695338740811","0.06557037347610409","0.09132776336052768","0.05016190004048746","0.03900966706332519","0.01610096091003003","0.02137691544520885","0.00901766135866187","0.019189944533845673","0.007305359499052316","0.006027209612394832","0.00787402468909145","0.003892315188375186","0.0038359537356279757","0.007486738808056334","0.001578492395866473","0.007580351675668126","0.09455490401162872"
"4.056927358878606","2.4872255589714243","1.9489950306063097","1.4536018356900584","1.0295272225439285","1.0197034371697105","1.1694917065262485","1.2833827850590087","0.821555180581193","0.6872056465037678","0.5847218200224928","0.4949581608979246","0.48056493145803997","0.47623713407621276","0.37973732560037615","0.37290599926641516","0.29983708275567944","0.27720525226558046","0.26751374695541374","0.2119363752052652","0.2134525663423817","0.22196323611353633","0.1583875015735234","0.11643958889982027","0.08742890417121062","0.06509498196351556","0.05523225418953759","0.07980606593169963","0.036289302759583676","0.07955925467649339","0.05435921308876649","0.037520081967114316","0.029030392132702542","0.019539554543229812","0.01296457090505045","0.006758411119502622","0.006770192095158655","0.005177005797378088","0.0027060354594387174","0.012922142510477718","0.004500877641322736","0.005883595433492039","0.010265234224077732","0.004040891606599531","0.0051513292729020175","0.010325282537474565","0.05543260366615767","0.02405217062716832","0.07155771965621423","0.029164439148663908","0.0842080800600983","0.1279113765099081","0.03817907681209233","0.12656949719809202","0.17627643470882154","0.10864448434198563","0.12939036676518198","0.08475295096155365","0.0863205008022172","0.03318091763281084","0.05437864132992495","0.1210091934374387","0.061116017376561846","0.13812015537603878","0.08664247939334492","0.061914116069713886","0.038064350197798226","0.026668114900034613","0.019444291090100835","0.012609298242232567","0.017634970212408757","0.004875411986158871","0.011188357336459629","0.005239156044356616","0.004733283768545301","0.004786127578966092","0.004874110594791883","0.08263616139041582","0.05244158217549927","0.09375734514982109","0.06041472432926228","0.040804669586031635","0.03775444675643478","0.0328775829419868","0.017404678800670155","0.010074563417432398","0.0035821954558530288","0.002327840645268299","0.003697380193746668","0.0020847758480138155","0.003016187139951515","0.003631647556459564","0.001004137834984747","0.0032601905525804693","0.0005891280115655651","0.004348420158302316","0.0009723293488868408","0.02964272446778385","0.010285673859230439","0.06726181695344245","0.04339852324251468"
"0.3400158984069861","0.3659324012685855","2.378608539221297","2.3830283299930497","1.3541180935013934","1.1674320112592276","1.3223280866042242","2.4584928876664973","1.5335932732773303","1.899687529201318","2.1900014381589914","1.7580221601613453","1.3009535212280885","1.3653236047525874","1.074099287654057","0.8047926693350865","0.9288091065960676","1.1606941688894008","1.2815837399092955","1.1369684543614436","1.4134108043087619","0.9489934599758028","0.66326875620472","0.46971174869212734","0.3270308712876343","0.2138898633951211","0.17716310691714685","0.11016482796103513","0.09236270772016957","0.06827685755720521","0.06399986413575398","0.05016804966318732","0.02346728215045255","0.020417660179579","0.04945496531056094","0.027802457693838822","0.014534831162373757","0.04084477237197451","0.0285918335875626","0.029298881013740417","0.024782485658756393","0.038507516899749336","0.006917425209058782","0.015582889162680968","0.014678271230022116","0.023632044930142336","0.013130051706836926","0.0047622858557726765","0.0206459792317888","0.016735564778344383","0.008285818822994562","0.021204646254154365","0.011729096237022847","0.006301877574047365","0.01039215195117969","0.005402168314527474","0.014342746321060178","0.007529050392355634","0.006174187639638494","0.003600717003006957","0.005640375358405957","0.0008325475057216361","0.003939779365482448","0.001973881240940981","0.002296701313241857","0.007626328164719314","0.008091198815158145","0.004240567857229091","0.006050068175046134","0.016956626011317127","0.011403641559409239","0.015137648442452226","0.007052429131630021"
